CustomerID,Gender,Birthdate,City,State,ZIP,Customer_since,Country,Phone,Churn_date
180599,F,1957-07-29,Bangor,WI,54614,2014-04-11,US,608-710-xxxx,
181702,M,1980-02-14,Bronson,IA,51007,2014-08-06,US,712-754-xxxx,
175649,M,1992-05-24,Drexel,NC,28619,2014-02-24,US,828-680-xxxx,
175890,F,1983-12-30,Deerfield Bch,FL,33442,2004-03-10,US,954-535-xxxx,
178014,M,1951-08-11,Bloomington,IN,47404,2002-02-15,US,812-340-xxxx,2018-01-12
183458,F,1964-09-07,Gordon,NE,69343,2002-02-23,US,308-571-xxxx,
175958,M,1974-01-06,Escondido,CA,92046,2013-07-17,US,760-361-xxxx,
184936,F,1964-11-27,Eleva,WI,54738,2013-04-23,US,715-432-xxxx,
183230,M,1977-06-27,Allentown,PA,18106,2011-12-30,US,610-288-xxxx,
175771,M,1963-01-11,Allerton,IA,50008,2002-04-18,US,641-406-xxxx,
184793,F,1951-01-19,Becker,MN,55308,2005-09-27,US,763-739-xxxx,
183684,M,1959-12-29,Clinton Township,MI,48035,2005-05-08,US,586-423-xxxx,
179428,F,1992-06-13,Kingston,NH,3848,2014-06-30,US,603-594-xxxx,2017-11-15
175651,F,1979-09-26,Houston,TX,77010,2001-04-04,US,346-418-xxxx,
183197,F,1974-07-30,Northpoint,PA,15763,2012-03-18,US,,
183175,F,1954-06-09,Riley,IN,47871,2006-08-07,US,,
178003,M,1993-11-01,Phoenix,AZ,85035,2014-03-10,US,623-662-xxxx,
180289,M,1970-05-04,Plainfield,VT,5667,2013-05-04,US,802-314-xxxx,2019-06-27
176266,F,1980-12-29,Spanish Fort,AL,36577,2013-07-01,US,251-508-xxxx,2019-04-28
183366,F,1982-05-11,Valpo,IN,46384,2003-07-28,US,219-672-xxxx,2018-05-07
182075,M,1967-09-26,Loon Lake,WA,99148,2004-01-13,US,509-239-xxxx,
177852,F,1984-01-19,Ameagle,WV,25060,2004-07-22,US,304-229-xxxx,
185032,F,1952-11-09,Mountain City,NV,89831,2003-06-15,US,775-159-xxxx,2019-02-24
177988,F,1967-08-24,Whiteface Mountain,NY,12997,2014-09-19,US,518-505-xxxx,
184072,F,1961-04-04,Amarillo,TX,79120,2002-03-05,US,806-237-xxxx,
177482,F,1990-10-16,Erin Springs,OK,73052,2013-11-27,US,405-228-xxxx,2017-04-06
176478,M,1982-09-20,Peterman,AL,36471,2012-01-25,US,251-386-xxxx,
182910,F,1986-02-12,Colonial Heights,TN,37663,2008-04-04,US,423-140-xxxx,2019-08-28
182719,M,1966-10-09,Galveston,TX,77553,2008-04-09,US,409-520-xxxx,
180983,F,1962-02-26,Early,IA,50535,2003-03-05,US,712-148-xxxx,
185559,M,1963-06-08,Shreveport,LA,71166,2001-05-26,US,318-143-xxxx,
179560,F,1955-03-06,Sodus Point,NY,14555,2016-12-23,US,315-693-xxxx,
181676,F,1978-02-26,Milford,CT,6460,2004-01-12,US,203-443-xxxx,2019-03-04
180127,F,1980-02-07,Mitchellville,TN,37119,2007-02-18,US,615-592-xxxx,
183285,M,1954-04-15,Dover,NC,28526,2007-06-19,US,252-416-xxxx,
181266,F,1994-11-05,Bethany,OK,73008,2016-09-08,US,405-764-xxxx,
183572,M,1996-10-19,Newaygo,MI,49337,2016-09-12,US,231-173-xxxx,
178709,F,1965-10-20,Arlington Heights,IL,60005,2001-04-06,US,630-416-xxxx,
178753,M,1975-01-02,Morovis,PR,687,2002-12-01,US,787-795-xxxx,
179622,F,1965-10-14,Memphis,IN,47143,2004-02-29,US,812-505-xxxx,
177940,F,1959-05-31,Boston,MA,2133,2014-09-23,US,781-205-xxxx,2018-11-25
181081,M,1989-03-06,Miamitown,OH,45041,2009-10-08,US,513-540-xxxx,
175796,F,1974-05-04,Fresno,CA,93709,2001-08-05,US,559-535-xxxx,
178721,F,1980-06-28,Miami,WV,25134,2006-10-18,US,304-693-xxxx,
177934,M,1991-06-06,Ogema,MN,56569,2011-10-15,US,218-390-xxxx,
185198,M,1961-07-20,Denver,CO,80266,2013-02-22,US,303-781-xxxx,2017-04-08
179743,F,1960-05-27,Rew,PA,16744,2010-07-15,US,814-635-xxxx,
182718,M,1976-03-10,Los Angeles,CA,90087,2000-06-15,US,213-596-xxxx,
185297,M,1979-12-26,Houston,TX,77004,2003-01-27,US,713-407-xxxx,
180630,M,1950-10-29,Flint,MI,48551,2002-06-06,US,810-391-xxxx,2017-11-01
181173,M,1966-09-05,Marana,AZ,85658,2009-06-04,US,520-664-xxxx,
178046,F,1963-03-01,Dade City,FL,33525,2008-01-23,US,352-172-xxxx,
182207,F,1979-12-01,Shannon City,IA,50861,2006-04-23,US,641-263-xxxx,
184736,M,1963-03-13,College Park,GA,30349,2011-07-08,US,404-638-xxxx,
181757,F,1959-06-19,...,PR,909,2013-02-20,US,939-638-xxxx,
176301,F,1996-05-09,Robards,KY,42452,2016-04-12,US,270-130-xxxx,
177356,F,1970-08-19,Tuskahoma,OK,74574,2001-08-20,US,918-389-xxxx,
180879,M,1965-12-02,Red Bluff,CA,96080,2016-06-27,US,530-729-xxxx,
179255,F,1957-12-19,Mount Ulla,NC,28125,2011-12-08,US,,
180937,F,1960-09-04,Rye Brook,NY,10573,2003-12-30,US,914-327-xxxx,
176788,F,1994-08-10,Lampasas,TX,76550,2014-08-24,US,512-591-xxxx,
180045,F,1952-04-05,Daingerfield,TX,75638,2014-08-26,US,903-160-xxxx,
179047,F,1963-05-01,Willow Park,TX,76087,2013-06-18,US,817-130-xxxx,
181469,M,1973-08-30,Charlestown,MD,21914,2003-04-18,US,410-735-xxxx,
178655,F,1966-03-15,Hinkle,KY,40953,2001-05-31,US,606-743-xxxx,2018-10-09
179187,F,1953-02-07,Pensacola,FL,32507,2015-09-02,US,850-493-xxxx,
184553,F,1968-08-31,Sugar Land,TX,77479,2013-01-27,US,832-477-xxxx,
184057,F,1990-12-17,Foyil,OK,74031,2013-07-17,US,918-709-xxxx,
181907,F,1986-10-02,Birds Lndg,CA,94585,2009-06-26,US,707-532-xxxx,
181807,M,1994-09-22,Sheldon,WI,54766,2014-11-23,US,715-367-xxxx,
183124,M,1969-01-01,Fresno,CA,93794,2009-01-06,US,559-275-xxxx,
178024,F,1978-02-11,Fort Leonard Wood,MO,65473,2016-05-25,US,573-489-xxxx,
178284,M,1989-12-07,Everetts,NC,27825,2016-08-20,US,252-169-xxxx,
183711,F,1951-09-18,Tonawanda,NY,14150,2000-04-07,US,716-451-xxxx,
177566,F,1986-11-22,Fort Wayne,IN,46868,2011-07-09,US,260-290-xxxx,
182784,F,1996-01-31,Pensacola,FL,32523,2016-01-07,US,850-582-xxxx,
182699,F,1961-10-30,Mc Dowell,VA,24458,2015-05-13,US,540-270-xxxx,
175688,F,1996-08-05,Atlanta,GA,30313,2015-09-29,US,678-619-xxxx,
178327,F,1964-05-31,Vaughn,WA,98394,2000-05-14,US,,
177491,M,1962-02-18,Camp Lejeune,NC,28547,2008-04-21,US,910-448-xxxx,
176204,F,1985-03-18,Naval Air Station/ Jrb,TX,76127,2012-01-10,US,817-105-xxxx,
181793,F,1978-11-27,Zachary,LA,70791,2010-08-15,US,225-522-xxxx,
178064,F,1984-04-29,Washington,DC,20549,2003-06-01,US,202-411-xxxx,
178276,F,1961-11-14,Renville,MN,56284,2007-03-28,US,320-292-xxxx,
183423,F,1959-04-16,Decatur,GA,30037,2014-09-30,US,404-520-xxxx,
184207,F,1992-11-26,Brush Prairie,WA,98606,2016-01-02,US,360-513-xxxx,
178279,M,1957-06-19,Culver,MN,55779,2000-03-22,US,218-311-xxxx,
175624,F,1981-03-18,Astor,FL,32102,2007-02-19,US,352-735-xxxx,
183070,M,1993-01-01,New Haven,CT,6502,2016-03-17,US,203-225-xxxx,
178158,M,1951-11-06,Ludell,KS,67744,2001-05-28,US,785-260-xxxx,
177893,F,1951-02-22,Milan,MN,56262,2003-10-22,US,320-500-xxxx,
185567,M,1984-08-27,Thompson,MO,65285,2013-08-06,US,573-266-xxxx,
178016,F,1977-02-12,Virginia City,NV,89440,2016-08-25,US,,
177489,F,1957-03-28,Stanton,TX,79782,2010-05-01,US,432-509-xxxx,
177055,F,1985-12-13,Bay View,WI,53207,2005-05-18,US,414-452-xxxx,
185601,M,1977-01-11,Kooskia,ID,83539,2003-04-02,US,208-706-xxxx,
177598,F,1960-04-11,Minneapolis,MN,55435,2011-12-10,US,612-509-xxxx,
181716,M,1955-12-18,Auburndale,WI,54412,2005-08-13,US,715-350-xxxx,
179145,F,1989-02-28,Moraga,CA,94570,2007-08-18,US,925-447-xxxx,
181479,M,1983-07-12,Pawling,NY,12564,2002-02-24,US,845-632-xxxx,
181375,F,1989-09-20,Gruver,TX,79040,2015-05-30,US,806-635-xxxx,
183491,F,1955-11-26,Bonesteel,SD,57317,2012-02-18,US,605-423-xxxx,
177125,F,1982-10-02,Wetmore,TX,78270,2010-02-08,US,210-462-xxxx,
184527,F,1971-08-09,Hamilton,VA,20158,2012-04-02,US,540-237-xxxx,2019-07-28
179458,F,1963-05-14,Wray,CO,80758,2002-06-16,US,970-188-xxxx,
179387,M,1994-06-27,Rice,WA,99167,2015-02-13,US,509-628-xxxx,
181852,F,1955-06-02,Cottage Grove,MN,55016,2016-08-07,US,651-104-xxxx,
178894,M,1967-02-18,Edmunds,ND,58476,2010-08-27,US,701-511-xxxx,
179531,F,1980-08-17,Sneads,FL,32460,2014-11-21,US,850-131-xxxx,
182324,F,1968-01-26,Cleveland,NC,27013,2004-05-07,US,336-370-xxxx,
182298,M,1973-07-30,N Las Vegas,NV,89085,2007-02-10,US,702-393-xxxx,
179984,F,1976-01-11,Reidville,SC,29375,2016-03-24,US,864-758-xxxx,
184272,M,1979-08-30,Collierville,TN,38017,2016-08-05,US,901-463-xxxx,
179491,M,1961-10-12,Miami,FL,33136,2016-03-11,US,786-772-xxxx,
176711,F,1986-10-24,Crosby,MS,39633,2013-08-14,US,601-581-xxxx,2017-02-07
179040,M,1988-09-08,Minillas,PR,909,2010-08-28,US,787-197-xxxx,
178429,F,1991-09-28,Mabton,WA,98935,2014-12-06,US,509-143-xxxx,
182023,F,1989-07-08,El Cajon,CA,92020,2008-11-03,US,619-345-xxxx,
180884,M,1969-04-16,Maydelle,TX,75772,2001-04-04,US,,
182501,F,1957-06-14,Port Alsworth,AK,99653,2001-03-03,US,907-602-xxxx,
178230,F,1955-10-05,Bethesda,MD,20889,2002-06-27,US,240-282-xxxx,
181566,M,1963-12-04,Garita,NM,88421,2012-10-05,US,575-767-xxxx,
178128,F,1964-03-04,Haywood,WV,26366,2009-04-18,US,304-410-xxxx,2019-03-10
179115,M,1969-10-13,New Britain,CT,6050,2002-01-20,US,860-107-xxxx,
184630,F,1976-11-21,Rochester,NY,14621,2006-10-07,US,585-144-xxxx,
181981,M,1969-03-08,South Bend,IN,46660,2012-07-07,US,574-642-xxxx,
176715,F,1979-01-17,Lanoka Harbor,NJ,8734,2002-06-30,US,609-563-xxxx,
180831,F,1975-02-19,Shenandoah Junction,WV,25442,2014-02-10,US,304-755-xxxx,
181129,M,1955-05-03,Brownsville,KY,42210,2012-02-09,US,270-732-xxxx,
175630,M,1951-10-13,Avon,NY,14414,2011-06-16,US,585-225-xxxx,
184176,F,1987-08-29,La Mesa,TX,79331,2012-04-21,US,806-601-xxxx,
183245,M,1970-09-05,Angier,NC,27501,2000-11-22,US,919-740-xxxx,
181248,F,1984-05-04,Grover,PA,17735,2007-01-10,US,570-688-xxxx,
183877,F,1953-09-12,Royal Lakes,IL,62685,2014-11-04,US,618-283-xxxx,
181784,F,1952-04-07,Longview,TX,75604,2015-08-28,US,430-190-xxxx,
178708,F,1967-08-01,Grantsville,UT,84029,2011-03-28,US,435-633-xxxx,
182192,M,1978-12-19,Wise,VA,24293,2011-05-15,US,276-158-xxxx,
180437,F,1989-07-11,Young America,IN,46998,2008-08-18,US,,
180592,M,1958-12-08,Plymouth,NC,27962,2005-11-12,US,252-499-xxxx,
180002,F,1988-11-29,Pittsburgh,PA,15275,2011-11-06,US,412-518-xxxx,
178427,M,1986-07-15,Plano,TX,75023,2011-08-29,US,214-769-xxxx,2017-09-24
180610,F,1958-03-07,Northfield,CT,6778,2000-07-25,US,860-381-xxxx,
178777,M,1991-09-10,Shreveport,LA,71108,2011-07-16,US,318-632-xxxx,
183227,F,1954-07-02,Baton Rouge,LA,70818,2009-09-06,US,225-543-xxxx,
176856,F,1970-07-29,Whipholt,MN,56484,2009-03-03,US,218-747-xxxx,
185296,M,1983-07-28,Scribner,NE,68057,2003-01-30,US,402-187-xxxx,
183879,F,1987-10-10,Jenkins Township,PA,18640,2005-11-30,US,570-666-xxxx,
175765,M,1959-02-12,Lambert,MT,59243,2007-12-26,US,406-573-xxxx,
180174,M,1992-06-29,Oak Island,NC,28465,2013-11-21,US,910-445-xxxx,
178805,F,1994-04-11,Dix,IL,62830,2016-10-24,US,618-235-xxxx,2018-04-16
179702,F,1977-08-08,Woodacre,CA,94973,2011-01-28,US,,
183223,M,1985-10-02,Suffolk,VA,23435,2010-05-29,US,757-439-xxxx,
183262,F,1978-12-04,Cape Canaveral,FL,32920,2014-04-11,US,321-371-xxxx,
179426,F,1987-09-10,Winter Haven,FL,33882,2006-12-25,US,863-193-xxxx,2018-10-13
184598,M,1989-10-10,Franklin Lks,NJ,7417,2009-02-01,US,,
177290,F,1973-09-08,Charlotte,TN,37036,2004-10-12,US,615-203-xxxx,
183146,M,1965-02-23,Dennis,MS,38838,2005-01-18,US,662-617-xxxx,2019-01-27
177800,F,1991-08-01,Branch,AR,72928,2016-02-05,US,479-320-xxxx,
181267,F,1969-06-05,Citrus Hts,CA,95621,2010-08-21,US,916-400-xxxx,
179763,M,1981-04-23,Smith River,CA,95567,2001-03-04,US,707-473-xxxx,
182836,M,1977-05-12,Greenville,SC,29606,2016-06-28,US,864-183-xxxx,
183732,F,1972-08-28,Mikana,WI,54857,2012-10-08,US,715-191-xxxx,
178860,F,1979-07-23,Brooten,MN,56316,2010-08-02,US,320-265-xxxx,
180886,F,1994-05-04,Bannister,MI,48807,2014-10-23,US,989-425-xxxx,
179981,F,1963-06-01,Shavano Park,TX,78231,2003-06-24,US,210-655-xxxx,2017-09-23
181515,F,1963-05-18,Pleasant Vly,VA,22848,2010-06-08,US,540-723-xxxx,
178817,M,1961-12-05,Cement City,MI,49233,2014-11-21,US,517-474-xxxx,
184205,M,1964-06-26,Potter,WI,54160,2008-10-01,US,920-234-xxxx,
176903,M,1991-04-02,Mercedes,TX,78570,2012-01-29,US,956-327-xxxx,
176637,F,1972-06-10,Wapakoneta,OH,45895,2009-06-13,US,419-392-xxxx,
179707,F,1989-09-01,Tangipahoa,LA,70465,2011-03-20,US,,
176747,F,1966-09-06,Southwest Hbr,ME,4679,2001-05-04,US,207-192-xxxx,
176960,M,1976-04-15,Katy,TX,77450,2006-11-24,US,281-183-xxxx,
177845,F,1986-05-04,Midland,TX,79702,2009-04-21,US,432-664-xxxx,
181199,F,1986-09-09,Mather,CA,95655,2011-12-14,US,,
176946,F,1975-03-15,Haleyville,AL,35565,2013-01-05,US,205-664-xxxx,
183393,F,1971-01-23,Sioux Falls,SD,57198,2000-03-13,US,605-244-xxxx,2018-02-12
179627,F,1973-05-28,Wall Township,NJ,7731,2003-10-02,US,,
183576,M,1985-12-09,Christiansburg,VA,24073,2015-05-22,US,540-380-xxxx,
178172,F,1958-04-14,Madison,WI,53701,2013-09-28,US,608-405-xxxx,
185479,F,1957-09-05,Ladera Ranch,CA,92694,2012-10-22,US,949-796-xxxx,
185574,F,1976-05-13,Ephrata,PA,17522,2014-02-03,US,717-695-xxxx,
176413,M,1988-04-16,Greensboro,NC,27425,2013-03-12,US,336-326-xxxx,
177202,M,1965-03-02,Taylor,TX,76574,2014-07-04,US,512-265-xxxx,
180043,F,1983-08-09,Phila,PA,19154,2002-05-14,US,215-362-xxxx,
182145,F,1971-08-02,Godley,TX,76044,2004-06-05,US,817-229-xxxx,
184163,F,1980-05-12,Waterloo,OH,45688,2007-11-12,US,740-643-xxxx,
181542,M,1990-03-27,Langston,AL,35755,2010-08-28,US,,
176265,F,1994-01-23,Brimfield,IL,61517,2013-05-11,US,309-410-xxxx,
177885,F,1961-06-10,Helendale,CA,92342,2000-09-16,US,760-203-xxxx,
176095,F,1972-07-09,Mount Tremper,NY,12457,2001-01-28,US,845-416-xxxx,
185518,F,1991-03-14,Newark,NJ,7188,2016-06-16,US,862-328-xxxx,
185348,M,1991-12-28,Ascutney,VT,5030,2011-11-28,US,802-333-xxxx,
181144,F,1993-02-25,Holt,MO,64048,2011-05-18,US,816-401-xxxx,
177033,M,1981-01-17,Springfield,IL,62756,2000-04-04,US,217-140-xxxx,
184292,F,1994-09-07,Garland City,AR,71839,2016-12-18,US,870-633-xxxx,2017-04-16
183293,M,1950-06-25,Litchfield,CT,6759,2012-08-31,US,860-666-xxxx,
183827,F,1956-08-22,Germantown,NY,12526,2000-01-07,US,518-312-xxxx,
175917,M,1978-03-26,Athens,GA,30609,2003-11-21,US,706-109-xxxx,
182809,F,1981-04-14,Keene,ND,58847,2007-12-14,US,701-400-xxxx,
179825,F,1953-12-17,Monument,NM,88265,2009-07-13,US,575-174-xxxx,
178281,F,1984-09-19,Champion,NE,69023,2005-12-01,US,308-363-xxxx,
182612,F,1953-02-26,Auburn,IL,62615,2009-02-07,US,217-750-xxxx,
178050,M,1984-09-24,Virginia,IL,62691,2006-09-23,US,217-581-xxxx,
180264,F,1989-09-03,Hamilton,KS,66853,2010-11-28,US,620-396-xxxx,
180135,F,1981-01-02,San Antonio,FL,33576,2001-09-18,US,352-531-xxxx,
179164,F,1959-03-09,Bethel,CT,6801,2013-01-09,US,203-721-xxxx,
184723,F,1988-08-12,Clearfield,UT,84016,2008-02-02,US,801-313-xxxx,
181820,F,1987-10-30,Brasstown,NC,28902,2007-05-20,US,828-742-xxxx,
182931,F,1992-08-01,Etowah,TN,37331,2015-11-08,US,423-104-xxxx,
180935,F,1952-05-29,Bellingham,WA,98228,2014-04-24,US,360-404-xxxx,
175659,M,1971-03-14,Albany,NY,12288,2012-11-24,US,518-732-xxxx,2017-05-23
178685,F,1988-03-13,Young America,IN,46998,2007-06-17,US,,
176120,F,1990-04-12,North Boston,NY,14110,2008-09-14,US,716-257-xxxx,
179912,F,1990-07-05,Jonesboro,IN,46938,2013-02-21,US,765-152-xxxx,
185147,M,1966-09-17,Dillard,GA,30537,2000-01-25,US,706-628-xxxx,
178856,F,1956-09-17,Chattanooga,TN,37424,2003-02-27,US,423-749-xxxx,
175668,M,1976-12-17,Coquille,OR,97423,2014-10-30,US,541-143-xxxx,
178100,M,1993-03-11,Mottville,NY,13119,2013-11-09,US,315-590-xxxx,2017-12-12
185391,M,1964-11-15,Pensacola,FL,32501,2002-10-06,US,850-106-xxxx,2018-12-04
178971,F,1960-02-08,Sumner,IL,62466,2016-02-13,US,618-693-xxxx,
183759,M,1995-12-16,Ermine,KY,41815,2016-04-18,US,606-380-xxxx,
183368,M,1953-03-30,Anthon,IA,51004,2014-04-22,US,712-104-xxxx,
181205,F,1964-01-24,Washington,DC,20594,2001-04-05,US,202-637-xxxx,
177554,F,1965-03-22,Marchand,PA,15758,2012-03-05,US,814-320-xxxx,
176810,F,1977-09-20,Fort Wayne,IN,46863,2003-04-21,US,260-215-xxxx,
183428,F,1959-03-02,Birmingham,IA,52535,2007-09-26,US,319-777-xxxx,
178396,M,1986-12-31,Woodstock,MD,21163,2006-08-14,US,,
184093,M,1967-06-28,Carol Stream,IL,60132,2000-03-24,US,630-719-xxxx,2018-02-13
176782,M,1959-03-16,Newell,NC,28126,2014-08-15,US,704-698-xxxx,
183217,F,1996-08-27,Leola,AR,72084,2015-02-28,US,870-141-xxxx,
182966,F,1990-09-13,Whitefield,OK,74472,2015-04-01,US,918-447-xxxx,
182928,M,1971-01-27,Washington,DC,20013,2008-02-10,US,202-797-xxxx,
183549,F,1982-02-05,Arbovale,WV,24915,2002-02-09,US,304-229-xxxx,
185170,F,1965-05-17,Mercer,WI,54547,2009-04-24,US,715-549-xxxx,
177657,F,1965-08-15,Vancouver,WA,98664,2010-09-10,US,360-441-xxxx,
181237,M,1981-05-23,Cross Timbers,MO,65634,2011-04-23,US,573-736-xxxx,2017-04-11
176418,F,1979-09-03,Amawalk,NY,10501,2010-12-26,US,914-179-xxxx,
176336,F,1974-09-14,Central Lake,MI,49622,2006-02-25,US,231-647-xxxx,
181121,M,1960-07-15,Pearl,MS,39288,2014-10-27,US,601-622-xxxx,
176403,F,1968-04-30,Almont,ND,58520,2015-02-14,US,701-751-xxxx,
178438,F,1968-07-25,Naubinway,MI,49762,2008-12-20,US,906-112-xxxx,
180390,M,1953-04-01,Sanford,VA,23426,2014-11-07,US,757-394-xxxx,
177122,M,1990-11-24,Burnside,LA,70738,2010-04-23,US,225-236-xxxx,2017-03-09
183304,M,1955-06-22,Oxnard,CA,93032,2006-04-17,US,805-759-xxxx,
178600,F,1966-09-12,Cincinnati,OH,45245,2013-11-05,US,513-136-xxxx,
180483,F,1979-04-16,Pinecrest,FL,33256,2007-04-16,US,786-784-xxxx,
182117,M,1966-08-16,Las Vegas,NV,89163,2004-07-15,US,702-356-xxxx,
176886,M,1981-06-30,Libuse,LA,71348,2010-11-21,US,318-618-xxxx,
177731,F,1988-06-14,San Francisco,CA,94116,2015-10-08,US,415-391-xxxx,
178768,M,1968-01-03,Ballouville,CT,6233,2006-07-03,US,860-430-xxxx,
178736,F,1970-09-10,Roby,MO,65557,2009-06-24,US,417-280-xxxx,2017-08-10
183598,F,1963-10-04,Lucerne,MO,64655,2005-02-02,US,660-223-xxxx,
180508,M,1970-07-21,Greenfield,MA,1302,2005-01-24,US,413-474-xxxx,
183009,F,1994-09-24,Morse Mill,MO,63066,2016-06-14,US,636-657-xxxx,
179736,M,1963-02-04,Bruin,PA,16022,2012-10-08,US,724-303-xxxx,
176827,F,1976-11-12,Highland,IN,46322,2016-12-24,US,219-146-xxxx,
178845,M,1984-08-27,Grafton,NH,3240,2011-12-10,US,603-714-xxxx,
185144,M,1966-07-01,Gloverville,SC,29828,2013-07-12,US,803-382-xxxx,
177026,F,1965-12-29,Lake City,SD,57247,2009-06-03,US,605-204-xxxx,
181342,F,1973-03-01,Rockford,IL,61103,2007-02-18,US,779-572-xxxx,
177243,M,1953-11-05,Kalaupapa,HI,96742,2015-04-30,US,808-538-xxxx,
179540,M,1973-06-28,Andersonville,GA,31711,2013-01-25,US,229-725-xxxx,
180131,F,1994-04-06,Pelkie,MI,49958,2016-12-07,US,906-537-xxxx,
176516,F,1975-08-27,Sidon,MS,38954,2001-01-17,US,,
180852,M,1992-05-15,Bella Vista,AR,72715,2011-12-15,US,479-276-xxxx,
181595,F,1970-08-22,Dallastown,PA,17313,2007-05-11,US,717-783-xxxx,2017-12-06
185249,M,1964-02-07,Alkabo,ND,58845,2001-04-17,US,701-705-xxxx,
176412,F,1960-12-14,Waikoloa,HI,96738,2016-03-24,US,808-369-xxxx,
176388,F,1976-06-27,Jumping Branch,WV,25969,2005-02-09,US,304-616-xxxx,
177239,M,1984-01-22,Quaker City,OH,43773,2007-11-28,US,740-756-xxxx,
177980,F,1967-03-05,Chicago,IL,60630,2012-05-27,US,872-231-xxxx,
180928,F,1972-06-18,Mercedes,TX,78570,2001-02-15,US,956-694-xxxx,
178041,F,1991-10-09,Fresno,CA,93730,2010-09-02,US,559-151-xxxx,
180623,F,1985-07-10,Wichita,KS,67206,2005-08-28,US,316-381-xxxx,
183122,M,1951-07-11,Bombay,NY,12914,2008-12-07,US,518-117-xxxx,
177642,M,1951-09-19,Clearwater,FL,33766,2015-06-30,US,727-190-xxxx,
183826,F,1957-02-15,Estill Spgs,TN,37330,2011-08-29,US,931-198-xxxx,2018-05-20
181189,M,1954-11-04,Camden,OH,45311,2013-04-15,US,513-540-xxxx,
181618,F,1957-06-29,Maricopa,AZ,85138,2014-07-08,US,520-499-xxxx,
184664,M,1973-08-26,Ind Hbr Bch,FL,32937,2014-01-16,US,321-140-xxxx,
176645,M,1963-06-21,Ober,IN,46534,2000-03-19,US,574-187-xxxx,
184410,M,1961-12-06,Payne,OH,45880,2016-01-22,US,419-744-xxxx,
179692,F,1976-02-28,Tucson,AZ,85736,2010-03-27,US,520-102-xxxx,
180742,F,1970-11-19,Bear River Cy,UT,84301,2010-09-11,US,435-208-xxxx,
182216,F,1985-12-11,Huger,SC,29450,2009-11-11,US,843-220-xxxx,
178927,M,1965-02-01,New Orleans,LA,70178,2011-05-05,US,504-475-xxxx,
176405,M,1977-09-26,Papineau,IL,60956,2009-01-07,US,,2018-08-12
179210,M,1995-01-24,Phoenix,AZ,85085,2016-02-23,US,480-581-xxxx,2017-04-27
179393,F,1966-01-11,Orange City,FL,32774,2011-02-20,US,386-136-xxxx,
184168,F,1962-11-21,Elk City,OK,73644,2005-11-06,US,580-281-xxxx,
178255,F,1970-11-10,Lockhart,SC,29364,2010-07-16,US,864-126-xxxx,
185440,M,1993-02-11,Goodland,KS,67735,2011-07-02,US,785-293-xxxx,
178666,F,1993-09-07,Hartford,CT,6101,2011-11-14,US,860-390-xxxx,
180490,M,1964-07-14,Powell,OH,43065,2012-05-05,US,740-682-xxxx,
176312,F,1989-10-02,Conasauga,TN,37316,2016-08-10,US,423-199-xxxx,
176979,M,1950-11-16,Vance,MS,38964,2003-04-24,US,662-496-xxxx,
182085,F,1985-04-26,La Grande,OR,97850,2015-03-27,US,541-546-xxxx,
177358,F,1989-11-02,Guadalupita,NM,87722,2014-02-03,US,505-384-xxxx,2017-09-02
181521,F,1966-06-10,Hanamaulu,HI,96715,2003-12-01,US,808-768-xxxx,
176777,M,1957-06-29,Houma,LA,70363,2004-09-18,US,985-555-xxxx,
176036,M,1987-01-22,Forrest,IL,61741,2011-03-29,US,815-600-xxxx,
179466,F,1996-01-21,Brighton,MO,65617,2015-03-23,US,417-265-xxxx,
182800,F,1983-09-23,Conyers,GA,30012,2007-08-20,US,770-191-xxxx,
182436,F,1995-10-26,Magnolia,IL,61336,2013-11-22,US,815-215-xxxx,
182304,F,1959-12-30,Auke Bay,AK,99821,2012-07-27,US,907-584-xxxx,
181996,F,1965-01-30,Houston,TX,77274,2016-01-25,US,713-578-xxxx,
176635,F,1962-08-30,St Jhnsbry Ct,VT,5863,2002-04-14,US,802-105-xxxx,
181806,F,1991-02-28,Hensel,ND,58241,2010-09-16,US,701-674-xxxx,
180208,F,1959-09-09,London,KY,40750,2010-02-16,US,,
176572,F,1996-03-17,Vest...,AL,35242,2016-09-26,US,205-458-xxxx,2017-01-19
181421,F,1971-07-12,Ironia,NJ,7845,2004-10-10,US,862-110-xxxx,
184102,F,1974-08-03,Exeland,WI,54835,2012-08-10,US,715-731-xxxx,
177303,M,1976-08-23,Green Lane,PA,18054,2010-12-06,US,215-522-xxxx,
184833,F,1990-03-29,Arlington,IA,50606,2013-02-13,US,563-464-xxxx,
178256,F,1983-03-25,Orient,WA,99160,2010-10-28,US,509-509-xxxx,
182630,F,1964-09-08,Belgrade,NE,68623,2010-01-17,US,308-631-xxxx,
176705,F,1950-06-14,Brunswick,MI,49425,2000-10-05,US,231-299-xxxx,
177898,M,1966-03-01,Cropseyville,NY,12052,2000-08-17,US,518-445-xxxx,2017-06-08
180299,F,1953-11-05,Des Moines,IA,50323,2005-11-07,US,515-119-xxxx,
180859,F,1974-06-16,Bluford,IL,62814,2004-03-20,US,618-703-xxxx,
184825,F,1963-11-03,Canton,WI,54868,2002-06-05,US,715-792-xxxx,
183602,F,1961-01-11,Ruston,LA,71272,2010-10-25,US,318-645-xxxx,
180460,F,1965-05-31,East Killingly,CT,6243,2012-03-17,US,860-469-xxxx,2018-11-29
178436,M,1992-10-01,Jefferson Valley,NY,10535,2011-02-22,US,914-677-xxxx,
180487,M,1994-09-03,Wappingers Falls,NY,12590,2014-08-22,US,845-525-xxxx,
181664,M,1956-11-07,Rawl,WV,25691,2000-02-20,US,304-672-xxxx,
176531,F,1977-10-05,St Petersburg,FL,33711,2009-06-28,US,727-103-xxxx,
183793,M,1984-01-09,Brillion,WI,54110,2013-12-21,US,920-771-xxxx,
183021,M,1960-11-07,Trenton,TN,38382,2005-05-25,US,731-668-xxxx,2019-04-26
184406,M,1980-07-27,Richardsville,KY,42101,2002-08-01,US,270-697-xxxx,
185283,F,1980-04-09,Good Hope,GA,30641,2007-03-20,US,,
181503,M,1967-11-26,Lempster,NH,3605,2010-02-24,US,603-276-xxxx,
177189,F,1990-08-03,New Chicago,IN,46342,2014-06-18,US,219-394-xxxx,
178378,F,1965-01-29,New Holland,OH,43145,2016-01-30,US,740-793-xxxx,2017-04-09
176049,F,1980-06-27,Cromwell,IA,50842,2009-04-19,US,641-723-xxxx,
180635,F,1954-01-17,Rochester,NH,3839,2008-03-20,US,603-181-xxxx,
181177,F,1984-02-04,Rochester,NY,14673,2010-11-23,US,585-101-xxxx,
184857,F,1962-08-09,Gate City,VA,24251,2010-04-25,US,276-347-xxxx,
180034,F,1950-02-11,High Point,NC,27261,2006-11-14,US,336-467-xxxx,
181643,M,1965-03-07,West Sayville,NY,11796,2004-07-25,US,631-696-xxxx,2017-07-15
176332,F,1968-05-08,Houston,TX,77010,2003-08-11,US,713-358-xxxx,
183457,F,1954-07-02,Rawlins,WY,82310,2015-09-26,US,307-624-xxxx,
184233,F,1994-07-03,Deane,KY,41812,2014-12-06,US,606-255-xxxx,
185609,M,1970-02-24,Leitchfield,KY,42754,2016-10-17,US,270-304-xxxx,
179042,M,1976-05-10,Huntington,WV,25726,2000-09-30,US,304-391-xxxx,
183300,F,1973-02-18,Bossier City,LA,71171,2001-05-10,US,318-576-xxxx,2019-01-13
185210,M,1987-10-11,Cameron,OH,43914,2016-04-26,US,740-482-xxxx,
184173,F,1976-07-29,West Yellowstone,MT,59758,2006-12-11,US,406-301-xxxx,
178251,M,1950-02-14,Boulder,CO,80310,2009-04-15,US,303-493-xxxx,
183854,M,1959-04-24,East Granby,CT,6026,2001-07-31,US,860-545-xxxx,
180449,F,1960-11-10,Tippecanoe,OH,44699,2013-08-11,US,,
178135,M,1968-01-25,Birmingham,AL,35255,2000-02-13,US,205-542-xxxx,
180021,F,1967-12-27,Davis,IL,61019,2001-10-06,US,815-187-xxxx,
183922,F,1989-11-02,Chester,PA,19016,2009-12-23,US,484-255-xxxx,
180316,M,1991-11-28,Jonancy,KY,41538,2015-02-17,US,606-608-xxxx,
183932,M,1993-05-03,Crescent,GA,31304,2015-05-23,US,912-257-xxxx,
178956,M,1964-12-10,Houston,TX,77056,2002-04-04,US,281-485-xxxx,2017-05-03
179710,F,1964-08-18,Ponder,TX,76259,2014-11-26,US,940-649-xxxx,
184872,M,1991-07-03,Greenville,AL,36037,2014-03-15,US,334-355-xxxx,
179889,M,1990-05-15,Flint,MI,48557,2016-12-08,US,810-476-xxxx,
182255,F,1955-07-30,Pine Point,ME,4074,2014-03-13,US,207-419-xxxx,
184569,F,1959-07-05,Duluth,KS,66521,2005-05-09,US,785-691-xxxx,
183929,M,1996-04-10,Merricourt,ND,58433,2016-05-28,US,701-270-xxxx,2017-12-18
180840,F,1975-01-01,Minter,AL,36761,2004-03-17,US,,
176792,F,1983-02-01,Riggins,ID,83549,2003-09-21,US,208-706-xxxx,
182069,F,1966-04-01,Sonoita,AZ,85637,2013-01-24,US,,
183319,M,1995-08-26,Hurst,TX,76053,2015-02-02,US,817-575-xxxx,
175642,F,1969-07-13,Mc Connells,SC,29726,2006-06-26,US,803-284-xxxx,
177822,M,1983-04-13,Palestine,AR,72372,2012-01-16,US,870-514-xxxx,2019-09-03
178413,F,1995-07-26,Perkasie,PA,18944,2016-12-13,US,267-703-xxxx,
182468,F,1952-12-08,Lucinda,PA,16235,2004-08-18,US,,2017-06-22
179380,F,1976-09-07,Bertrand,MO,63823,2010-11-24,US,573-578-xxxx,
179585,F,1973-05-23,Fort Edward,NY,12828,2015-08-17,US,,
179684,F,1987-04-22,Urbana,MO,65767,2007-03-06,US,417-573-xxxx,
178126,M,1963-02-21,Edina,MO,63537,2006-12-03,US,660-600-xxxx,
176748,F,1982-01-26,Riverview,FL,33568,2009-05-14,US,813-302-xxxx,
181093,F,1989-03-28,Tucson,AZ,85714,2016-06-22,US,520-141-xxxx,
178937,F,1985-06-29,Defuniak Springs,FL,32433,2015-07-14,US,850-579-xxxx,
179446,F,1965-10-11,King City,CA,93930,2014-12-30,US,831-575-xxxx,
180843,F,1996-09-17,Noblestown,PA,15071,2015-11-21,US,412-558-xxxx,
179519,F,1992-05-19,Saxis,VA,23427,2016-08-14,US,757-537-xxxx,
180222,M,1958-03-31,Boone,NC,28607,2012-11-05,US,828-713-xxxx,2019-06-10
178248,F,1982-09-05,Waterville,PA,17776,2013-02-19,US,570-797-xxxx,
183690,M,1965-04-08,Lake Isabella,MI,48893,2011-10-01,US,989-175-xxxx,2019-06-23
177053,F,1993-10-11,Rochester,NY,14651,2016-09-27,US,585-128-xxxx,
179868,M,1990-03-17,Gibson,LA,70356,2012-03-28,US,985-592-xxxx,
176702,M,1951-01-26,Mount Pleasant,SC,29466,2008-08-29,US,843-411-xxxx,
183103,F,1966-11-17,Stamford,CT,6914,2005-05-09,US,203-610-xxxx,
177793,F,1962-03-13,Winters,TX,79567,2002-01-07,US,325-157-xxxx,
183464,F,1982-06-18,Courtland,VA,23837,2005-06-21,US,757-397-xxxx,
176962,M,1954-05-04,Topaz,CA,96133,2000-03-10,US,,
185234,M,1950-07-28,Racine,WV,25165,2003-01-26,US,304-395-xxxx,
182833,F,1962-03-25,Boothville,LA,70038,2013-03-21,US,,
183899,F,1951-09-04,North Augusta,SC,29860,2000-04-05,US,803-574-xxxx,
175675,F,1992-09-09,Wyoming,MI,49519,2015-04-01,US,616-256-xxxx,
181670,M,1984-09-23,New York,NY,10060,2008-03-10,US,212-620-xxxx,
176734,M,1963-06-24,Delton,MI,49046,2006-10-30,US,269-262-xxxx,
181519,F,1954-05-23,Mays,IN,46155,2003-11-05,US,765-130-xxxx,
183039,F,1978-06-30,Emporia,KS,66801,2012-11-13,US,620-657-xxxx,
176121,F,1985-09-05,Rialto,CA,92377,2009-03-15,US,909-394-xxxx,
179355,F,1969-05-02,River Forest,IL,60305,2001-11-10,US,630-631-xxxx,2019-11-09
176489,M,1958-12-09,Lodgepole,NE,69149,2009-08-23,US,308-597-xxxx,
176742,M,1975-10-24,Ashford,WA,98304,2003-08-23,US,360-475-xxxx,
182182,M,1961-09-11,Tulsa,OK,74182,2004-03-24,US,918-247-xxxx,
180219,M,1976-11-06,Melbeta,NE,69355,2004-02-16,US,308-231-xxxx,
181775,F,1973-06-25,Nashville,TN,37202,2005-09-04,US,615-317-xxxx,
183993,F,1968-09-23,Chester,PA,19016,2010-07-25,US,484-740-xxxx,
185137,F,1965-12-22,Three Springs,PA,17264,2000-12-27,US,814-313-xxxx,
179714,M,1971-07-06,Chenango Fks,NY,13746,2001-01-20,US,,
181033,F,1954-01-22,Krakow,WI,54137,2015-01-03,US,920-470-xxxx,
179027,F,1954-04-28,Garvin,OK,74736,2008-11-04,US,580-674-xxxx,
182385,F,1974-09-06,Los Angeles,CA,90037,2009-04-08,US,323-519-xxxx,
180990,F,1954-10-07,Laredo,TX,78040,2002-12-12,US,956-257-xxxx,
177250,M,1970-05-27,Ventura,CA,93009,2012-06-30,US,805-251-xxxx,
181318,F,1955-07-25,Sayre,PA,18840,2008-02-08,US,570-657-xxxx,
182489,F,1976-11-26,Fisty,KY,41743,2008-07-27,US,606-527-xxxx,
176236,F,1957-01-16,Grove Hill,AL,36451,2003-10-08,US,251-180-xxxx,
180241,M,1950-02-04,Savannah,GA,31421,2007-05-14,US,912-384-xxxx,
178941,F,1996-07-01,Verona,ND,58490,2016-09-12,US,701-759-xxxx,
184076,M,1984-12-20,Jackson,MI,49202,2006-09-25,US,517-258-xxxx,
180486,M,1969-09-25,Circleville,OH,43113,2005-09-04,US,740-383-xxxx,
182237,F,1957-04-02,Greenacres,FL,33467,2006-02-11,US,561-574-xxxx,
181759,F,1951-01-30,Apple Creek,OH,44606,2014-04-24,US,330-688-xxxx,
175941,F,1994-12-29,Roachdale,IN,46172,2014-05-12,US,765-585-xxxx,
180217,F,1960-04-22,Winchester,VA,22604,2007-01-21,US,540-596-xxxx,
176402,M,1981-05-26,Ocean Beach,NY,11770,2002-02-03,US,631-628-xxxx,
179293,F,1972-12-03,Yerkes,KY,41778,2013-02-06,US,606-745-xxxx,
178809,F,1971-07-18,Beaufort,SC,29903,2007-11-08,US,843-747-xxxx,
182115,F,1992-09-09,Norman,IN,47264,2012-06-27,US,812-571-xxxx,2017-08-08
179717,F,1982-10-13,Peoria,IL,61601,2005-06-19,US,309-449-xxxx,
177679,F,1964-03-18,Pittsburgh,PA,15281,2014-08-04,US,412-103-xxxx,
184691,F,1959-08-11,Newell,IA,50568,2011-08-31,US,712-519-xxxx,
184747,M,1992-03-21,Glendale,CA,91225,2016-12-28,US,818-139-xxxx,
177282,M,1955-01-02,Bolivar,TN,38008,2008-10-29,US,731-706-xxxx,
178104,F,1988-01-18,Inland,NE,68954,2009-06-19,US,402-176-xxxx,
185193,F,1965-10-23,Lubbock,TX,79401,2013-02-27,US,806-266-xxxx,2017-02-20
176128,F,1952-09-17,Chatham,NY,12037,2007-04-17,US,518-763-xxxx,
175779,M,1994-07-27,Fulton,MI,49052,2013-12-11,US,269-320-xxxx,
182503,F,1958-01-28,Mckinleyville,CA,95519,2015-08-20,US,707-147-xxxx,
178335,F,1950-12-28,Elk Grove,CA,95624,2016-04-30,US,916-634-xxxx,
184914,F,1966-12-31,Madison,AL,35757,2012-08-18,US,256-552-xxxx,
179690,M,1982-05-19,Minneapolis,NC,28652,2004-11-13,US,828-347-xxxx,
175931,F,1964-08-04,Kranzburg,SD,57245,2016-09-13,US,605-580-xxxx,
180666,F,1956-09-16,Gordo,AL,35466,2004-04-13,US,205-131-xxxx,2019-08-07
177549,F,1952-02-19,Pittsburgh,PA,15265,2004-03-15,US,412-472-xxxx,
179385,F,1962-09-25,Brooklandvl,MD,21022,2014-02-11,US,410-111-xxxx,
185227,M,1961-02-01,Clarksville,NY,12041,2016-05-12,US,518-142-xxxx,
178826,F,1966-10-05,Cohasset,MN,55721,2003-07-14,US,218-237-xxxx,
178339,F,1965-04-02,Chatsworth,IA,51011,2003-01-26,US,712-494-xxxx,
183255,F,1966-07-10,Kent,CT,6757,2016-08-20,US,860-529-xxxx,
180269,F,1956-06-27,Courtland,MS,38620,2004-01-05,US,662-287-xxxx,
183470,M,1963-06-04,Safety Harbor,FL,34695,2007-03-05,US,727-450-xxxx,
184806,F,1994-04-28,Kaiser,MO,65047,2013-08-26,US,573-308-xxxx,
177614,M,1969-01-22,Buffalo,IL,62515,2005-06-21,US,217-241-xxxx,2019-05-10
180292,F,1985-09-17,Tampa,FL,33633,2016-08-19,US,813-522-xxxx,
180320,F,1972-03-16,Heavener,OK,74937,2008-08-18,US,918-593-xxxx,
177080,M,1971-05-24,Fort Lauderdale,FL,33301,2009-06-08,US,305-542-xxxx,
177931,M,1976-02-15,Sunset Valley,TX,78735,2015-11-20,US,512-278-xxxx,
184081,M,1955-06-21,Brinkhaven,OH,43006,2014-07-03,US,740-358-xxxx,
182428,M,1977-03-16,Cuba,NM,87013,2015-06-25,US,505-522-xxxx,
181439,F,1962-09-30,Sacramento,CA,95812,2007-04-19,US,916-129-xxxx,
181906,F,1975-03-01,Fox Lake,WI,53933,2014-07-14,US,920-410-xxxx,
175871,M,1967-05-19,Stevens,PA,17578,2012-05-24,US,717-334-xxxx,
177909,M,1963-06-23,Ashland,OH,44805,2003-03-04,US,419-282-xxxx,
185474,F,1960-03-30,Smithfield,VA,23431,2008-08-27,US,757-300-xxxx,2018-04-17
177231,F,1979-04-01,Detroit,MI,48208,2010-02-08,US,313-169-xxxx,
180980,F,1986-11-14,New Vineyard,ME,4956,2008-10-22,US,207-257-xxxx,
184280,M,1979-04-21,Epps,LA,71237,2000-12-12,US,318-129-xxxx,
175885,M,1989-05-02,Jacksonville,FL,32230,2015-07-26,US,904-382-xxxx,
180237,F,1981-05-17,Thompson,ND,58278,2001-04-22,US,701-469-xxxx,
181904,F,1994-09-28,E Windsor Hl,CT,6028,2016-11-17,US,860-554-xxxx,
176452,M,1988-05-01,North Miami,FL,33168,2007-05-28,US,305-435-xxxx,
182021,M,1969-04-15,Little Torch ...,FL,33042,2000-03-07,US,305-149-xxxx,
177670,F,1964-03-13,Kannapolis,NC,28083,2009-10-20,US,704-250-xxxx,
183254,F,1953-08-01,Riverdale,NJ,7457,2012-04-15,US,,
176996,F,1955-04-28,Chambersville,PA,15723,2014-10-14,US,724-770-xxxx,
181868,F,1958-07-08,Mills,NE,68753,2013-04-08,US,402-632-xxxx,
184962,M,1990-05-13,Omaha,NE,68178,2012-06-04,US,402-346-xxxx,
181415,F,1950-02-11,Amarillo,TX,79117,2009-06-01,US,806-730-xxxx,2017-03-20
185368,F,1962-05-18,New York,NY,10120,2009-09-27,US,929-358-xxxx,
179161,M,1987-07-26,Saratoga Springs,NY,12866,2014-08-13,US,518-234-xxxx,
180159,F,1966-07-20,Moriarty,NM,87035,2009-10-15,US,505-145-xxxx,
184659,M,1963-10-23,Humboldt,KS,66748,2006-01-01,US,620-475-xxxx,
182971,F,1973-05-06,Ridgeside,TN,37411,2005-06-20,US,423-172-xxxx,
178049,M,1953-03-18,Clinton,CT,6413,2001-11-08,US,860-386-xxxx,
178417,M,1981-12-29,Laton,CA,93242,2000-01-19,US,559-361-xxxx,
184979,F,1958-09-11,Floral City,FL,34436,2005-09-19,US,352-646-xxxx,
179701,M,1967-09-02,Fairchance,PA,15436,2015-07-29,US,724-461-xxxx,
185394,F,1960-01-04,Valley Grande,AL,36701,2013-04-05,US,334-393-xxxx,
181511,M,1976-09-26,Forest Park,GA,30298,2013-06-29,US,404-605-xxxx,
178837,M,1975-10-09,Austerlitz,NY,12017,2008-09-20,US,518-266-xxxx,
178688,F,1971-05-05,Belk,AL,35545,2003-06-15,US,205-255-xxxx,2018-01-25
182512,M,1978-06-08,Mc Gregor,IA,52157,2013-07-24,US,563-686-xxxx,
176132,M,1972-10-04,Wichita,KS,67214,2016-09-13,US,316-342-xxxx,
181226,F,1955-02-21,Oologah,OK,74053,2012-08-12,US,918-375-xxxx,
183188,F,1969-05-23,Ashippun,WI,53003,2010-09-03,US,920-694-xxxx,
176223,F,1959-06-28,North Waterford,ME,4267,2001-11-05,US,207-486-xxxx,
177235,F,1991-08-27,Albuquerque,NM,87104,2011-08-14,US,505-688-xxxx,
183432,F,1993-11-18,Xenia,IL,62899,2014-12-15,US,618-628-xxxx,2018-12-22
185174,F,1976-06-08,New Geneva,PA,15467,2004-02-28,US,724-258-xxxx,
178333,F,1989-10-15,Melrose,NM,88124,2011-10-06,US,575-161-xxxx,
182150,F,1970-04-12,...,WA,98499,2010-02-22,US,253-143-xxxx,
183717,F,1982-06-22,Lyle,MN,55953,2011-02-28,US,507-434-xxxx,
181422,M,1955-09-17,San Francisco,CA,94171,2001-01-03,US,415-656-xxxx,
181592,F,1960-02-12,Crownsville,MD,21032,2013-03-22,US,410-407-xxxx,
185291,F,1990-02-23,Glen Allen,VA,23060,2012-07-21,US,804-695-xxxx,
184323,M,1993-05-31,Columbus,OH,43270,2011-09-11,US,614-164-xxxx,
180447,M,1966-02-06,Jamestown,LA,71045,2013-06-27,US,318-362-xxxx,
178040,M,1962-05-06,Brunswick,MD,21716,2005-10-07,US,301-440-xxxx,
181821,M,1991-01-18,Glendale,CA,91225,2015-04-06,US,818-424-xxxx,2017-05-22
183495,F,1976-12-06,Nordman,ID,83848,2007-06-04,US,208-326-xxxx,
180978,M,1951-11-04,Shoshone,CA,92384,2014-01-06,US,760-512-xxxx,
177436,M,1966-06-25,Manly,IA,50456,2004-06-06,US,641-424-xxxx,
183689,F,1951-12-06,Orlando,FL,32896,2002-09-08,US,407-495-xxxx,
185417,F,1978-05-07,Huntsville,AL,35899,2003-12-23,US,256-276-xxxx,
180031,M,1987-09-05,Rowlett,TX,75089,2009-03-31,US,972-790-xxxx,
184622,F,1985-03-18,E Cambridge,MA,2141,2015-05-17,US,857-658-xxxx,
180640,M,1988-02-19,Pikeville,KY,41502,2006-05-22,US,606-238-xxxx,2017-07-03
181403,F,1957-10-21,Wahiawa,HI,96786,2009-12-23,US,808-746-xxxx,
178976,F,1978-07-28,Evansville,IN,47736,2011-05-15,US,812-602-xxxx,
176022,M,1968-08-07,New Haven,CT,6503,2013-03-19,US,203-617-xxxx,
180254,M,1982-06-11,Pierson,MI,49339,2012-05-03,US,,
181634,M,1964-05-31,Freeport,NY,11520,2011-03-01,US,516-491-xxxx,
182351,F,1993-07-26,Tampa,FL,33625,2013-10-01,US,813-663-xxxx,
178075,F,1978-09-03,El Cajon,CA,92022,2007-08-17,US,619-107-xxxx,2019-04-06
183081,F,1982-06-02,Henderson,IL,61439,2001-09-29,US,309-367-xxxx,
178192,M,1993-04-21,Harrisburg,SD,57032,2015-02-04,US,605-378-xxxx,
180605,F,1974-01-09,Vanlue,OH,45890,2000-06-24,US,419-530-xxxx,
176326,M,1963-02-06,Crane,IN,47522,2008-02-22,US,812-589-xxxx,
184783,M,1996-01-15,Erie,PA,16503,2016-10-11,US,814-538-xxxx,
178793,F,1964-04-02,Charleston,SC,29403,2013-11-02,US,843-451-xxxx,
179321,F,1962-05-25,Murdock,FL,33938,2016-07-12,US,,
183885,F,1988-04-23,Trimble,TN,38259,2016-10-25,US,731-218-xxxx,
185136,F,1950-04-23,Toledo,OH,43603,2007-01-25,US,419-648-xxxx,
184463,F,1965-10-31,Medina,OH,44256,2002-08-12,US,330-777-xxxx,
180462,F,1952-08-21,Mallie,KY,41836,2013-03-20,US,606-787-xxxx,
184164,F,1957-01-04,Norton,TX,76865,2005-12-21,US,325-387-xxxx,
180073,M,1976-12-02,Lake Oswego,OR,97035,2009-06-08,US,503-335-xxxx,
178665,M,1989-03-17,New Riegel,OH,44853,2013-01-04,US,419-566-xxxx,
181745,F,1987-03-30,Wittenberg,WI,54499,2013-10-06,US,715-588-xxxx,
181207,F,1974-02-22,Sardinia,OH,45171,2000-12-16,US,937-101-xxxx,
178587,F,1982-01-11,Columbus,OH,43226,2000-03-22,US,614-198-xxxx,2019-09-17
181608,F,1973-06-01,Saint Helena,CA,94574,2013-01-13,US,707-184-xxxx,
179724,M,1989-08-22,Greenview,CA,96037,2013-04-12,US,530-219-xxxx,2017-07-10
184429,F,1994-05-07,Nags Head,NC,27959,2015-10-25,US,252-278-xxxx,
182677,M,1975-04-25,Buffalo,NY,14222,2011-04-04,US,716-714-xxxx,
177467,M,1953-10-12,Glynn,LA,70736,2011-03-09,US,,
182553,F,1968-06-19,Congress,OH,44287,2013-10-23,US,419-299-xxxx,
184870,F,1979-04-06,San Diego,CA,92139,2015-11-19,US,619-158-xxxx,2018-06-09
180925,F,1960-08-03,New Richland,MN,56072,2005-06-02,US,507-763-xxxx,
176927,F,1979-05-26,Childs,MD,21916,2016-02-20,US,410-489-xxxx,
178476,F,1990-12-20,Lemoore,CA,93245,2012-05-17,US,559-727-xxxx,
178198,F,1970-04-20,Houston,TX,77297,2015-01-18,US,713-549-xxxx,
180616,M,1990-09-30,Burbank,OK,74633,2013-03-06,US,918-703-xxxx,
185000,F,1957-07-03,Chandler,OK,74834,2002-07-03,US,918-786-xxxx,
180860,F,1950-12-20,Concord,NC,28026,2002-05-03,US,704-223-xxxx,
181460,M,1971-01-04,Davistown,PA,15349,2004-05-23,US,724-666-xxxx,
179030,F,1962-06-13,Calvin,KY,40813,2015-03-25,US,606-483-xxxx,
181962,F,1981-01-11,Clayton,NC,27520,2010-11-01,US,919-441-xxxx,
183312,F,1989-05-29,Fishkill,NY,12524,2013-05-10,US,845-438-xxxx,
180982,F,1978-10-08,San Luis Obispo,CA,93412,2015-07-04,US,805-555-xxxx,2017-11-19
178569,M,1968-11-24,Duluth,GA,30095,2001-11-10,US,678-419-xxxx,
178537,F,1966-03-19,Early,IA,50535,2006-03-06,US,712-592-xxxx,
178071,F,1988-04-30,Ft Walton Bch,FL,32547,2011-08-09,US,850-315-xxxx,
183465,M,1972-03-29,Dillon,MT,59725,2008-05-26,US,406-407-xxxx,
180708,M,1979-06-24,Houston,TX,77234,2013-02-10,US,713-188-xxxx,
176488,F,1979-10-18,Pleasant Plns,AR,72568,2011-07-08,US,501-751-xxxx,
182767,M,1956-01-19,Hazard,KY,41702,2005-09-01,US,606-603-xxxx,
185164,M,1992-06-21,Imperial,TX,79743,2011-04-29,US,432-752-xxxx,
183935,F,1977-03-25,Hemlock,MI,48626,2003-02-04,US,989-414-xxxx,
182461,M,1958-06-04,Latham,IL,62543,2011-06-01,US,217-132-xxxx,
179384,M,1990-02-20,Franklin,NC,28734,2009-03-14,US,828-109-xxxx,
182352,F,1980-01-24,Assonet,MA,2702,2010-12-21,US,508-633-xxxx,
183416,F,1971-12-17,Hailesboro,NY,13645,2015-11-28,US,315-483-xxxx,
180228,M,1967-05-10,Darbydale,OH,43123,2007-05-18,US,614-297-xxxx,
181190,F,1988-10-03,Westminster,TX,75485,2016-02-13,US,,
180079,F,1961-10-21,Cheektowaga,NY,14206,2013-02-12,US,716-697-xxxx,
181540,M,1955-03-04,Stafford,CT,6075,2003-03-03,US,860-289-xxxx,
183568,M,1977-02-16,Idlewild,MI,49642,2005-11-20,US,231-729-xxxx,
179920,F,1969-02-04,Rio Medina,TX,78066,2004-02-03,US,830-414-xxxx,
181517,F,1981-03-13,Burbank,OK,74633,2010-03-19,US,918-143-xxxx,
181308,F,1950-09-01,Rock Island,WA,98850,2015-05-26,US,509-758-xxxx,
176498,M,1973-07-08,Middleton,MI,48856,2001-07-13,US,989-681-xxxx,
178765,M,1968-01-01,Greensboro,NC,27404,2009-04-24,US,336-221-xxxx,
179618,M,1985-03-05,Playa Del Rey,CA,90293,2008-09-27,US,213-352-xxxx,
184574,M,1981-12-30,Loa,UT,84747,2005-03-16,US,435-689-xxxx,
181027,F,1957-04-27,Cashton,WI,54619,2014-04-27,US,608-175-xxxx,
181688,M,1987-10-11,Manhattan Bch,CA,90267,2015-03-28,US,310-677-xxxx,
182978,M,1965-07-05,Lubbock,TX,79407,2016-07-21,US,806-293-xxxx,
181313,M,1975-11-22,Wingate,NC,28174,2013-02-11,US,704-112-xxxx,
181522,M,1959-04-17,Tunas,MO,65764,2002-03-10,US,417-715-xxxx,
180922,F,1960-07-31,Lawrence,NE,68957,2010-02-03,US,402-431-xxxx,
178349,F,1968-08-12,Belvidere,IL,61008,2003-06-30,US,779-534-xxxx,
183145,M,1991-05-28,Falls Mills,VA,24613,2009-11-10,US,276-213-xxxx,
177636,F,1965-06-27,Duncansville,PA,16635,2001-04-08,US,814-375-xxxx,
180892,M,1984-02-10,South Milford,IN,46786,2006-11-23,US,260-314-xxxx,
180295,M,1951-08-01,Cedartown,GA,30125,2007-01-01,US,678-618-xxxx,
176427,F,1980-04-29,Nelliston,NY,13410,2007-01-26,US,518-416-xxxx,
176306,M,1978-10-19,Denver,IN,46926,2016-09-16,US,765-439-xxxx,
181617,F,1978-08-06,Elba,NY,14058,2015-01-26,US,585-236-xxxx,
177040,F,1968-06-20,Juntura,OR,97911,2002-08-10,US,541-797-xxxx,
175897,F,1959-06-25,Leal,ND,58479,2012-11-24,US,701-755-xxxx,
181017,F,1982-01-01,Greenwood,AR,72936,2013-07-27,US,479-528-xxxx,
179440,F,1959-10-04,Sonnette,MT,59317,2009-03-15,US,406-557-xxxx,
183991,F,1971-10-10,Niagara Falls,NY,14303,2003-11-29,US,716-189-xxxx,
183229,F,1990-03-13,Mc Lean,VA,22108,2015-11-22,US,571-683-xxxx,
177958,F,1952-12-19,Snyder,NE,68664,2000-10-02,US,402-793-xxxx,
184194,F,1976-10-02,Moundville,MO,64771,2009-02-03,US,417-278-xxxx,
175818,F,1964-11-13,Wahpeton,ND,58074,2003-02-15,US,701-609-xxxx,
179367,F,1959-06-25,Koleen,IN,47439,2011-06-23,US,812-666-xxxx,
180597,F,1954-01-02,Manitowoc,WI,54221,2004-05-21,US,920-589-xxxx,
185182,M,1950-05-06,Lagrange,KY,40031,2009-08-17,US,502-245-xxxx,
182283,M,1952-01-31,Jonestown,PA,17038,2015-09-15,US,717-509-xxxx,
183844,M,1970-05-30,Oak Hill,TN,37220,2007-07-25,US,615-514-xxxx,
182791,M,1968-08-08,Moro,AR,72368,2002-03-06,US,870-531-xxxx,
176028,M,1988-08-21,Forrest City,AR,72335,2008-06-14,US,870-230-xxxx,
182575,M,1984-05-09,Williston,TN,38057,2003-11-23,US,901-574-xxxx,
178944,M,1956-01-20,Plano,TX,75025,2001-05-16,US,972-571-xxxx,
184010,M,1982-03-07,Saginaw,MI,48606,2009-06-29,US,989-721-xxxx,
179110,M,1959-08-31,Ninnekah,OK,73067,2000-10-17,US,,
176272,F,1993-06-18,Raleigh,NC,27624,2012-09-30,US,919-621-xxxx,
180315,F,1978-04-12,Columbia,MO,65218,2013-10-25,US,573-755-xxxx,
176313,F,1960-09-07,Sophia,NC,27350,2000-08-28,US,336-158-xxxx,
183011,M,1974-10-08,Pineland,FL,33945,2004-03-10,US,239-189-xxxx,
178588,M,1975-01-26,Pls ...,CA,90274,2012-06-02,US,310-319-xxxx,
179538,F,1980-04-18,Hanksville,UT,84734,2005-04-10,US,,
175803,M,1961-12-19,Eddyville,NE,68834,2009-02-01,US,308-126-xxxx,
180122,M,1964-04-16,Waynesboro,VA,22980,2006-06-25,US,540-775-xxxx,
185268,M,1968-02-01,Cibolo,TX,78108,2006-02-18,US,830-176-xxxx,
176453,F,1979-02-02,Defuniak Springs,FL,32434,2013-04-04,US,850-750-xxxx,
184214,F,1972-03-06,Mansura,LA,71350,2015-02-18,US,318-557-xxxx,
176603,F,1979-10-27,Pearl City,HI,96782,2016-12-03,US,808-105-xxxx,
183474,F,1984-09-21,Stilesville,IN,46180,2014-05-28,US,765-467-xxxx,
180379,M,1953-01-23,Fresno,CA,93773,2007-12-27,US,559-164-xxxx,
183536,M,1981-05-28,Caroleen,NC,28019,2006-12-25,US,828-340-xxxx,
177042,M,1992-10-19,Dacoma,OK,73731,2014-11-04,US,580-436-xxxx,
184060,M,1983-07-21,Kenmare,ND,58746,2011-05-07,US,701-751-xxxx,
175940,M,1963-02-01,Ronco,PA,15476,2010-12-28,US,724-307-xxxx,
176525,M,1953-11-27,Statesboro,GA,30461,2003-10-03,US,912-651-xxxx,
183811,M,1959-05-12,Coldspring,TX,77331,2003-10-03,US,936-619-xxxx,
176951,F,1980-09-22,Rocky Ripple,IN,46208,2011-11-01,US,317-729-xxxx,
182758,M,1989-06-03,High View,WV,26808,2010-10-07,US,304-772-xxxx,
180541,F,1984-05-24,Philadelphia,PA,19255,2008-04-10,US,215-404-xxxx,
178675,F,1963-04-13,South Burlington,VT,5407,2006-09-08,US,802-498-xxxx,
178849,F,1977-02-07,Webster,NC,28788,2015-03-22,US,828-473-xxxx,
182552,M,1990-05-01,El Paso,TX,88532,2012-04-07,US,915-704-xxxx,
179508,F,1985-10-05,Midland City,AL,36350,2013-07-19,US,334-414-xxxx,
180161,M,1984-06-24,North Star,MI,48862,2008-10-08,US,989-118-xxxx,
185377,M,1967-05-31,Horton,AL,35980,2006-11-26,US,205-656-xxxx,
176813,M,1990-11-08,Fostoria,MI,48435,2009-11-05,US,989-329-xxxx,
185126,F,1963-11-27,Ascutney,VT,5030,2010-06-22,US,802-492-xxxx,
183653,F,1968-12-07,Scranton,SC,29591,2005-06-30,US,843-617-xxxx,
184632,M,1985-08-31,Culloden,WV,25510,2013-01-25,US,304-263-xxxx,
185199,F,1956-09-19,Soldotna,AK,99669,2007-05-10,US,907-441-xxxx,2019-01-20
182730,F,1964-08-21,Loretto,MI,49852,2012-03-17,US,906-402-xxxx,
177276,F,1966-03-28,Gurnee,IL,60031,2003-10-27,US,847-101-xxxx,
176675,F,1980-05-25,Bailey,TX,75413,2015-03-18,US,903-753-xxxx,
177128,F,1950-12-31,Dover Plains,NY,12522,2014-01-09,US,845-513-xxxx,
182989,M,1989-09-03,Flat Rock,NC,28731,2014-01-01,US,828-379-xxxx,2017-06-20
179413,F,1983-09-30,Unionville,MI,48767,2002-12-04,US,989-597-xxxx,
184898,F,1970-07-07,Austin,TX,78717,2010-04-25,US,512-634-xxxx,
180325,F,1956-09-11,Lakewood,WA,98496,2005-09-26,US,253-218-xxxx,2017-04-25
181733,M,1988-02-01,Tomnolen,MS,39744,2008-09-10,US,662-209-xxxx,
179276,F,1970-12-04,Belle Center,OH,43310,2001-05-20,US,937-535-xxxx,
177989,F,1974-11-06,Dorchester,TX,75459,2011-01-31,US,903-554-xxxx,
176171,F,1981-10-03,Brooklyn,MS,39425,2015-08-06,US,601-244-xxxx,
175900,F,1979-04-17,Dawson,TX,76639,2014-12-14,US,903-146-xxxx,
179787,M,1988-01-29,San Antonio,TX,78219,2013-05-06,US,210-596-xxxx,
180600,F,1994-06-18,New York,NY,10196,2015-06-10,US,212-210-xxxx,
182562,F,1982-08-15,Norfolk,VA,23510,2005-04-16,US,757-329-xxxx,
179335,M,1979-10-26,Wyola,MT,59089,2016-10-30,US,406-590-xxxx,
181089,F,1980-04-25,Couch,MO,65690,2010-05-08,US,417-537-xxxx,
182034,M,1984-12-15,Evanston,IL,60201,2005-12-08,US,224-772-xxxx,
177057,M,1965-11-05,Frankville,AL,36538,2007-06-01,US,251-295-xxxx,2018-05-20
180032,F,1980-06-14,Vienna,MO,65582,2000-06-20,US,573-334-xxxx,
184035,F,1971-05-23,Morristown,TN,37816,2008-08-11,US,423-359-xxxx,
182336,F,1951-07-30,Aguada,PR,602,2014-09-13,US,939-642-xxxx,
182099,F,1982-07-10,Austin,TX,78772,2014-07-06,US,512-521-xxxx,2017-09-13
183743,F,1972-02-17,Taghkanic,NY,12521,2015-07-06,US,518-372-xxxx,
183054,F,1981-12-28,West Elkton,OH,45070,2004-12-24,US,,
185524,F,1992-06-02,Tallahassee,FL,32301,2015-08-07,US,850-363-xxxx,
182374,M,1960-11-05,Louisville,KY,40209,2010-06-16,US,502-331-xxxx,
182650,M,1975-08-17,South Bend,TX,76481,2006-12-24,US,940-580-xxxx,
177503,F,1984-10-05,Pittsburgh,PA,15289,2008-08-19,US,412-226-xxxx,
181946,M,1993-04-04,Fredonia,AZ,86022,2012-04-09,US,928-648-xxxx,
180740,M,1993-12-28,Newport News,VA,23602,2013-08-29,US,757-336-xxxx,
178441,M,1965-05-05,Alverda,PA,15710,2009-01-15,US,724-520-xxxx,
177725,M,1970-04-25,Smithville,OH,44677,2004-02-03,US,330-100-xxxx,
183921,F,1982-05-01,Verona,NJ,7044,2006-10-07,US,973-403-xxxx,
178127,F,1990-04-20,Ulysses,NE,68669,2012-09-28,US,402-245-xxxx,
179182,F,1991-12-17,Oneonta,NY,13820,2010-07-26,US,607-287-xxxx,
184891,F,1996-02-21,Grove City,PA,16127,2016-12-17,US,724-367-xxxx,
181036,M,1968-08-28,Saint Agatha,ME,4772,2003-03-08,US,207-603-xxxx,
178995,F,1953-04-10,Raven,KY,41861,2009-01-17,US,606-447-xxxx,
179003,M,1965-01-28,Bakersfield,CA,93311,2012-01-08,US,661-702-xxxx,
176851,M,1994-10-28,Charleston,SC,29414,2016-07-31,US,843-585-xxxx,
178180,F,1991-12-19,Erwin,TN,37650,2015-03-25,US,423-229-xxxx,
179358,F,1968-06-10,Palms,MI,48465,2009-10-05,US,989-221-xxxx,
184642,F,1978-12-15,Quitaque,TX,79255,2009-06-11,US,806-700-xxxx,
185552,F,1990-04-27,Cookeville,TN,38506,2011-07-22,US,931-160-xxxx,
180195,F,1992-11-09,Fairmount,IL,61841,2016-11-03,US,217-665-xxxx,
179712,F,1953-04-25,Town Creek,AL,35672,2007-05-02,US,256-726-xxxx,
179953,F,1956-03-06,Green Cove Springs,FL,32043,2008-12-16,US,904-320-xxxx,2018-04-11
182558,F,1962-12-26,Juliette,GA,31046,2001-03-26,US,,
180275,M,1989-10-26,Miami Lak...,FL,33016,2014-02-12,US,305-406-xxxx,
184041,M,1951-02-12,Rochester,NY,14621,2005-12-29,US,585-733-xxxx,2017-07-24
179570,M,1968-06-26,Riverton,WV,26814,2007-03-28,US,304-370-xxxx,
177538,F,1962-02-13,Sibley,LA,71073,2003-11-26,US,318-662-xxxx,
183341,F,1982-03-04,Arcadia,CA,91077,2011-06-25,US,626-255-xxxx,
176928,M,1962-08-09,Westwood,OH,45248,2013-09-18,US,513-245-xxxx,
179437,M,1958-04-20,Evansville,IN,47714,2012-10-11,US,812-684-xxxx,
176521,F,1980-09-21,Watkins,IA,52354,2011-01-02,US,319-189-xxxx,
179127,F,1981-11-11,Imnaha,OR,97842,2000-02-15,US,541-194-xxxx,
182591,M,1995-05-19,Gorham,KS,67640,2015-06-04,US,785-613-xxxx,2019-07-04
180717,M,1962-09-03,Mullinville,KS,67109,2012-03-19,US,620-556-xxxx,
181094,F,1972-02-29,Simsboro,LA,71275,2001-11-24,US,318-472-xxxx,
177967,F,1956-01-03,Mountainhome,PA,18342,2004-02-09,US,570-604-xxxx,
182775,F,1984-02-13,Newberry,IN,47449,2004-02-26,US,812-276-xxxx,
178544,F,1996-01-18,Baltimore,MD,21285,2015-05-08,US,410-490-xxxx,
184222,F,1983-08-02,Kansas City,MO,64147,2011-03-09,US,816-751-xxxx,
182417,M,1958-04-19,Milburn,OK,73450,2010-01-14,US,580-593-xxxx,
177318,F,1979-08-22,Peoria,IL,61606,2002-09-10,US,309-315-xxxx,
183100,F,1993-09-05,Concord,MA,1742,2014-01-07,US,978-718-xxxx,
179149,F,1980-01-03,Hyampom,CA,96046,2013-06-22,US,,
183386,F,1950-10-25,Barnegat,NJ,8005,2016-07-15,US,609-717-xxxx,2018-08-14
182787,F,1993-04-04,Ayrshire,IA,50515,2012-08-11,US,712-211-xxxx,
179114,F,1988-02-03,Faith,NC,28041,2007-07-31,US,,
178321,F,1985-01-14,Raleigh,NC,27621,2014-01-05,US,919-494-xxxx,2018-10-02
184772,F,1964-08-25,Waymart,PA,18472,2005-04-10,US,570-165-xxxx,
183219,F,1977-12-18,Haydenville,OH,43127,2010-05-04,US,740-454-xxxx,
181918,F,1953-05-01,Valley Center,CA,92082,2010-10-16,US,760-688-xxxx,
179285,M,1967-09-16,Toledo,OH,43652,2009-03-23,US,419-343-xxxx,
181722,M,1979-12-07,Coweta,OK,74429,2016-06-06,US,918-202-xxxx,
177854,F,1972-07-20,Wood Ridge,NJ,7075,2015-02-28,US,,
179245,F,1985-08-03,Rosemont,WV,26424,2016-05-13,US,304-304-xxxx,
177109,M,1958-09-09,Washington,DC,20208,2004-09-11,US,202-126-xxxx,2017-05-31
180694,M,1979-10-24,Tallahassee,FL,32318,2006-08-20,US,850-405-xxxx,
183633,M,1992-03-02,Logan,NM,88426,2013-02-14,US,575-370-xxxx,
178955,F,1952-10-15,Meyersdale,PA,15552,2007-06-22,US,814-221-xxxx,2018-05-10
176944,F,1986-06-26,Raleigh,NC,27629,2007-05-08,US,919-280-xxxx,
177054,F,1951-09-20,Annville,PA,17003,2016-04-12,US,717-716-xxxx,
185537,M,1959-06-20,Charlotte,NC,28228,2001-08-02,US,704-414-xxxx,
180786,M,1962-07-15,Onemo,VA,23130,2014-08-26,US,804-226-xxxx,
180398,F,1995-04-02,Mt Pleasant,WI,53405,2015-01-15,US,262-273-xxxx,2017-08-31
179652,M,1978-10-21,Lake Geneva,WI,53147,2001-02-23,US,262-564-xxxx,
183296,F,1953-09-30,Healdton,OK,73438,2012-01-28,US,580-675-xxxx,
182588,F,1983-12-25,Round Top,TX,78961,2013-11-13,US,,
185104,F,1978-04-06,Raritan,IL,61471,2013-02-28,US,,
181834,F,1984-12-10,Paragould,AR,72451,2004-12-15,US,870-518-xxxx,
178173,F,1994-08-04,Houston,TX,77252,2016-02-11,US,713-412-xxxx,
179573,F,1991-08-12,Great Falls,MT,59405,2016-10-22,US,406-768-xxxx,
177895,F,1980-11-12,Aquashicola,PA,18012,2015-09-25,US,,
181379,F,1967-07-17,Elysburg,PA,17824,2000-01-17,US,570-517-xxxx,
178926,M,1954-11-27,Newark,IL,60541,2007-08-02,US,779-419-xxxx,
184625,F,1992-11-08,Hines,MN,56647,2015-11-22,US,218-523-xxxx,
179505,M,1991-02-03,Comfrey,MN,56019,2011-07-17,US,507-187-xxxx,
179580,F,1981-03-30,Deep Water,WV,25057,2016-05-08,US,304-509-xxxx,2019-05-19
182685,F,1979-02-10,Arma,KS,66712,2000-11-01,US,620-672-xxxx,
184710,F,1952-09-06,Cincinnati,OH,45228,2013-05-13,US,513-418-xxxx,
179923,M,1950-07-27,Evergreen,CO,80401,2007-08-30,US,303-679-xxxx,
180104,F,1992-04-26,West Chazy,NY,12992,2011-08-30,US,518-462-xxxx,
183805,M,1958-11-02,Lansing,IA,52151,2005-11-20,US,563-656-xxxx,
178871,F,1995-07-26,Lacona,IA,50139,2013-08-23,US,641-404-xxxx,
183147,F,1994-12-06,Brookhaven,MS,39602,2013-02-20,US,601-321-xxxx,
177400,F,1991-09-29,Phoenix,AZ,85025,2012-09-27,US,520-330-xxxx,2018-03-15
181781,F,1958-10-01,Baltimore,MD,21287,2007-03-03,US,410-263-xxxx,
177825,F,1969-04-13,Crabtree,PA,15624,2012-10-06,US,724-378-xxxx,
183996,M,1967-02-07,Thomas,WV,26292,2004-08-20,US,681-108-xxxx,
179926,F,1968-12-02,Thornton,CO,80241,2015-09-05,US,303-103-xxxx,
182587,M,1996-06-17,Miami,FL,33141,2016-03-18,US,305-202-xxxx,
177103,F,1958-11-02,Turners,MO,65765,2000-04-06,US,417-259-xxxx,
177455,M,1965-07-26,Gales Ferry,CT,6339,2013-11-22,US,860-426-xxxx,
177270,M,1972-03-30,Alexandria,PA,16611,2009-04-25,US,814-156-xxxx,
184139,M,1993-02-13,Arlington,OR,97812,2016-07-04,US,541-305-xxxx,
184432,F,1964-03-10,Bay Saint Louis,MS,39529,2010-01-10,US,228-291-xxxx,
182862,F,1978-11-28,Manahawkin,NJ,8050,2009-09-22,US,,
176889,M,1990-11-07,Martville,NY,13111,2013-05-17,US,315-222-xxxx,
176328,M,1967-07-08,Tennessee Colony,TX,75880,2001-11-12,US,903-237-xxxx,
184379,M,1985-11-05,Star Prairie,WI,54026,2011-09-23,US,715-348-xxxx,
182702,F,1988-12-28,Saint Louis,MO,63158,2007-11-04,US,314-468-xxxx,
178758,M,1952-02-15,Robert,LA,70455,2012-06-22,US,,
181209,M,1987-12-31,Port Royal,SC,29935,2009-08-31,US,843-444-xxxx,
185211,F,1992-10-14,Newberry Spgs,CA,92365,2015-08-01,US,442-680-xxxx,
179744,M,1993-06-12,Taylorsville,GA,30178,2012-06-11,US,,
182442,F,1971-03-25,Guymon,OK,73942,2010-02-27,US,580-415-xxxx,
181187,F,1963-10-08,Kentuck,WV,25248,2000-11-14,US,304-207-xxxx,
177916,F,1960-02-29,Luray,MO,63453,2008-09-04,US,660-647-xxxx,
176688,F,1970-08-25,Pinnacle,NC,27043,2009-03-23,US,336-714-xxxx,
176696,M,1974-12-20,Silver City,NM,88036,2002-01-30,US,505-395-xxxx,
184460,F,1986-06-08,East Windsor Hill,CT,6028,2005-03-12,US,860-577-xxxx,
177559,F,1996-11-16,Edgar Springs,MO,65462,2015-08-17,US,573-743-xxxx,
182002,M,1994-04-17,Glenwood,IA,51534,2014-10-09,US,712-543-xxxx,
179958,F,1977-02-23,Gilman,IL,60938,2002-11-04,US,815-105-xxxx,
179613,M,1993-12-23,Hydaburg,AK,99922,2015-04-02,US,907-220-xxxx,2018-02-22
183891,F,1979-01-24,Nazareth,MI,49074,2000-05-17,US,269-794-xxxx,2017-02-25
178499,F,1991-03-11,Elmhurst,NY,11380,2011-04-15,US,212-511-xxxx,
182696,F,1983-05-11,Vida,MT,59274,2008-05-25,US,406-602-xxxx,
177312,F,1967-02-06,Normandy,IL,61376,2007-05-03,US,815-414-xxxx,
178513,M,1959-04-28,Ethel,WV,25076,2004-05-31,US,304-388-xxxx,
182616,F,1975-07-21,Gettysburg,OH,45328,2015-10-03,US,,
180443,F,1992-02-01,Bonnots Mill,MO,65016,2010-04-27,US,573-632-xxxx,
177655,F,1985-09-17,Salyer,CA,95563,2013-08-31,US,,
185036,F,1995-09-02,Convent,LA,70723,2015-11-04,US,225-242-xxxx,
179456,M,1983-06-13,Somerville,TN,38068,2014-03-04,US,901-326-xxxx,
183057,F,1969-11-26,Fairfax,VA,22034,2004-02-06,US,571-218-xxxx,
178194,F,1995-11-30,Wilmot,NH,3287,2014-12-13,US,603-620-xxxx,
184905,M,1960-03-26,College City,CA,95912,2008-04-03,US,530-561-xxxx,
185480,F,1971-06-10,Silver Spring,MD,20914,2004-07-13,US,240-530-xxxx,
176318,F,1990-04-28,N Little Rock,AR,72114,2010-10-01,US,501-178-xxxx,
178635,F,1952-11-07,Monclova,OH,43542,2009-02-17,US,419-369-xxxx,
175821,F,1972-11-30,Calliham,TX,78007,2006-03-28,US,361-280-xxxx,
178344,F,1961-04-06,Bison,KS,67520,2002-10-17,US,785-461-xxxx,
185514,M,1952-03-08,Clay City,KY,40312,2014-02-10,US,606-388-xxxx,
182841,M,1985-11-03,Trenton,NJ,8629,2015-06-10,US,609-254-xxxx,
180022,M,1951-07-20,Watertown,MA,2471,2001-11-09,US,617-275-xxxx,
177930,M,1996-12-25,Raleigh,NC,27624,2015-10-01,US,919-783-xxxx,
183415,F,1965-07-17,Sundown,TX,79372,2005-06-11,US,806-348-xxxx,2019-07-04
179855,M,1957-01-01,Houston,TX,77031,2008-04-16,US,832-663-xxxx,
180791,F,1956-07-06,Liverpool,NY,13090,2006-11-03,US,315-787-xxxx,2017-12-01
178786,F,1987-08-03,Ballwin,MO,63022,2008-12-19,US,636-750-xxxx,
178525,F,1983-06-14,Westbury,NY,11590,2005-07-03,US,631-591-xxxx,
181703,F,1978-09-20,Matheson,CO,80830,2003-08-02,US,719-797-xxxx,
182337,F,1965-07-05,San Rafael,CA,94903,2009-02-26,US,415-713-xxxx,
185089,F,1991-11-27,Brewerton,NY,13029,2011-03-10,US,315-606-xxxx,
176077,M,1954-11-27,Askov,MN,55704,2014-01-18,US,320-162-xxxx,
178945,F,1976-03-04,La Plata,PR,786,2004-12-03,US,,
182814,F,1964-06-22,Alamo,GA,30411,2007-12-16,US,478-450-xxxx,
185051,F,1968-08-01,Smyrna,NY,13464,2008-04-22,US,607-171-xxxx,
179670,F,1960-08-30,Chamberino,NM,88027,2004-06-13,US,505-350-xxxx,
176191,M,1959-08-19,Lake Worth,FL,33463,2005-05-18,US,561-620-xxxx,
182673,F,1995-06-30,Winona,WV,25942,2016-11-30,US,304-553-xxxx,2017-03-15
184283,M,1966-08-09,Milligan,FL,32537,2016-11-05,US,850-558-xxxx,
175860,M,1955-10-27,Arbon,ID,83212,2009-11-09,US,208-308-xxxx,
185014,M,1972-11-26,Trenton,ND,58853,2002-06-10,US,701-514-xxxx,
185346,F,1966-02-19,South West City,MO,64863,2011-03-19,US,417-219-xxxx,
179121,M,1989-03-04,Millville,UT,84326,2008-05-11,US,435-226-xxxx,
181760,F,1967-02-24,Sarcoxie,MO,64862,2012-05-13,US,417-114-xxxx,2018-05-29
176074,M,1955-01-17,Brielle,NJ,8730,2006-12-14,US,,
181106,F,1960-08-26,Perote,AL,36061,2016-02-28,US,334-784-xxxx,
183199,M,1975-09-04,Seneca,PA,16346,2014-06-16,US,,
183028,F,1991-08-03,Elizabeth,IN,47117,2010-04-21,US,812-770-xxxx,2017-03-08
180992,F,1988-02-20,Luray,VA,22835,2015-07-28,US,540-301-xxxx,
178546,F,1977-07-18,Wilmington,DE,19808,2000-01-03,US,302-648-xxxx,
177305,F,1958-02-19,Branchville,NJ,7827,2015-11-04,US,973-571-xxxx,
180673,F,1950-08-04,Cicero,NY,13039,2014-06-16,US,315-496-xxxx,
178144,F,1950-02-06,Arlee,MT,59821,2015-04-10,US,406-782-xxxx,
184461,M,1951-09-16,Houston,TX,77202,2016-07-26,US,713-632-xxxx,
181926,M,1974-06-13,Sherman,MS,38869,2004-05-10,US,662-565-xxxx,
181008,F,1975-02-20,Murphys,CA,95247,2007-02-24,US,209-394-xxxx,
180337,F,1982-05-15,Highland,MI,48357,2006-06-25,US,248-431-xxxx,
177886,M,1962-07-08,Selma,VA,24474,2004-09-15,US,540-673-xxxx,
179509,M,1984-12-18,Castle Valley,UT,84532,2004-06-13,US,435-215-xxxx,
185560,M,1981-03-14,Fort Collins,CO,80528,2009-05-22,US,970-547-xxxx,
183760,F,1985-04-12,Selby,SD,57472,2012-05-21,US,605-620-xxxx,
182937,M,1993-04-08,Delmont,NJ,8314,2012-02-18,US,856-512-xxxx,2019-06-25
181433,F,1950-01-28,Lakeport,CA,95453,2001-02-05,US,707-302-xxxx,
181275,F,1973-08-23,Harrisville,MI,48740,2009-12-06,US,989-735-xxxx,
177955,M,1969-10-27,Mode,IL,62444,2009-03-15,US,618-212-xxxx,
184641,F,1962-01-28,Wrigley,TN,37098,2016-09-28,US,931-769-xxxx,
183436,M,1978-08-30,Gridley,CA,95948,2008-05-11,US,530-786-xxxx,
184813,F,1974-06-05,Clearlake Oaks,CA,95423,2006-09-30,US,707-506-xxxx,
179130,M,1972-03-26,New York,NY,10125,2004-03-11,US,212-773-xxxx,
184313,M,1955-04-16,Warsaw,IN,46580,2003-06-13,US,574-680-xxxx,
180412,M,1951-12-07,Morse,LA,70559,2005-04-18,US,337-770-xxxx,
182544,M,1953-06-23,Pine Ridge,KY,41360,2008-05-01,US,606-685-xxxx,
177947,M,1992-09-05,San Francisco,CA,94101,2012-06-26,US,415-757-xxxx,
182682,F,1957-05-13,Elm Grove,LA,71051,2010-10-01,US,318-654-xxxx,
183761,M,1972-09-23,Lucien,OK,73757,2007-12-25,US,580-414-xxxx,
175643,M,1995-06-10,Pittsburgh,PA,15266,2015-01-15,US,,
180876,M,1951-05-24,Lake Helen,FL,32744,2009-07-22,US,386-710-xxxx,
177580,M,1969-12-31,Nelsonville,WI,54458,2005-04-04,US,715-178-xxxx,
184351,M,1968-06-16,Portersville,PA,16051,2005-01-21,US,724-297-xxxx,
178939,F,1977-01-10,Henry,TN,38231,2009-11-03,US,731-414-xxxx,
181694,F,1972-09-12,Truesdale,IA,50592,2003-04-11,US,712-197-xxxx,2017-10-21
185343,F,1984-03-26,Arizona City,AZ,85123,2005-03-05,US,520-731-xxxx,
185029,F,1984-10-05,Vienna,SD,57271,2004-10-05,US,605-374-xxxx,
184763,F,1956-05-22,Palisade,CO,81526,2005-08-19,US,970-489-xxxx,
184817,M,1951-06-05,Houston,TX,77031,2008-04-28,US,281-173-xxxx,
178080,F,1953-10-16,Pittsboro,NC,27228,2008-01-19,US,,
178896,F,1969-01-14,Belchertown,MA,1007,2002-05-21,US,413-228-xxxx,
178456,M,1985-06-28,Chipley,FL,32428,2008-06-01,US,850-770-xxxx,
181482,F,1953-09-21,Hickory Ridge,AR,72347,2008-06-30,US,870-539-xxxx,
176769,F,1982-09-24,Carlsbad,CA,92010,2016-05-07,US,760-179-xxxx,
180834,F,1963-03-11,Standish,ME,4084,2014-02-16,US,207-648-xxxx,
177132,M,1977-04-24,Hamilton,KS,66853,2009-03-04,US,620-518-xxxx,
185526,F,1980-12-08,Marion,CT,6444,2009-07-18,US,860-733-xxxx,
183240,F,1979-08-23,Central City,KY,42330,2016-11-20,US,270-703-xxxx,
181764,F,1952-04-29,Plainfield,VT,5667,2011-01-29,US,802-293-xxxx,
177936,F,1984-07-09,Alto,GA,30510,2008-08-28,US,,
176029,F,1958-08-08,Farmington Hills,MI,48335,2010-04-03,US,248-161-xxxx,
180671,F,1958-05-21,Mercedita,PR,716,2008-07-26,US,939-254-xxxx,
184963,M,1967-10-25,Walpole,MA,2081,2005-11-23,US,781-724-xxxx,
176276,M,1970-09-29,Malverne,NY,11565,2016-04-04,US,516-152-xxxx,
181830,F,1977-02-13,Oakley,KS,67748,2004-01-01,US,785-260-xxxx,
178304,M,1991-04-27,Orfordville,WI,53576,2009-05-16,US,608-712-xxxx,
183962,F,1968-12-12,Saint Louis,MO,63195,2014-12-13,US,314-203-xxxx,
177066,F,1984-05-21,Orlando,FL,32896,2016-06-25,US,407-740-xxxx,
180359,F,1984-03-24,Union Park,FL,32817,2007-01-25,US,407-788-xxxx,
178992,M,1959-05-06,Norcross,GA,30010,2013-04-09,US,678-475-xxxx,
179641,M,1993-05-22,Oakland,FL,34787,2011-11-14,US,407-404-xxxx,
178774,M,1962-03-14,Chicago,IL,60612,2002-11-17,US,312-299-xxxx,
178348,F,1976-11-18,Ft Montgomery,NY,10922,2016-11-20,US,845-516-xxxx,
176384,F,1996-11-24,Couch,MO,65690,2015-10-15,US,417-692-xxxx,
181272,F,1984-10-11,Ellamore,WV,26267,2014-03-07,US,304-270-xxxx,
180737,M,1979-09-20,Tukwila,WA,98178,2011-01-05,US,253-304-xxxx,
175875,F,1968-01-29,Charlotte,NC,28262,2002-09-01,US,704-193-xxxx,
185101,M,1953-09-06,Wessingtn Spg,SD,57382,2016-07-03,US,605-547-xxxx,
178506,F,1993-06-06,Lohman,MO,65053,2015-11-22,US,573-590-xxxx,2019-06-20
183237,M,1976-05-25,Hinckley,NY,13352,2010-01-11,US,315-176-xxxx,
176809,M,1965-11-21,Pascagoula,MS,39567,2002-04-10,US,228-609-xxxx,
183694,M,1988-02-24,Brighton,TN,38011,2013-02-10,US,901-602-xxxx,
178033,F,1950-07-05,Madrid Twp,ME,4966,2004-02-20,US,207-742-xxxx,2019-10-30
177897,M,1982-01-31,Dexter,MO,63841,2013-09-22,US,573-290-xxxx,
176129,M,1962-04-25,Lurgan,PA,17232,2000-08-14,US,717-146-xxxx,
176874,M,1984-08-06,Young America,MN,55558,2011-08-19,US,952-451-xxxx,
183534,M,1956-08-23,Dutton,MT,59433,2009-05-30,US,406-224-xxxx,
184158,F,1965-12-23,Cana,VA,24317,2004-06-09,US,276-237-xxxx,
176995,F,1972-04-02,Washington,PA,15301,2011-04-20,US,724-191-xxxx,
183056,F,1967-01-08,Albuquerque,NM,87110,2013-09-27,US,505-325-xxxx,
178103,F,1978-06-27,Bridgeport,NY,13030,2001-10-13,US,315-510-xxxx,
183688,F,1973-01-14,San Jacinto,CA,92581,2015-03-02,US,951-266-xxxx,
176954,F,1988-10-09,Uler,WV,25266,2012-06-23,US,304-681-xxxx,
181554,F,1993-02-01,Albany,NY,12249,2015-09-13,US,518-441-xxxx,
176980,F,1970-10-04,Eagletown,OK,74734,2005-12-03,US,580-289-xxxx,
180332,F,1963-03-19,El Portal,CA,95318,2015-06-24,US,,
182944,M,1951-02-04,Belle Chasse,LA,70093,2001-06-25,US,,
185485,M,1988-12-20,Wichita,KS,67278,2012-06-04,US,316-383-xxxx,
178548,F,1972-10-26,Dover,FL,33527,2007-01-23,US,813-754-xxxx,
176333,M,1970-02-18,Koosharem,UT,84744,2004-09-14,US,435-305-xxxx,
180350,F,1966-06-01,Washington,DC,20043,2001-01-05,US,202-403-xxxx,
176140,F,1972-12-31,Hansen Hills,CA,91331,2003-07-31,US,747-388-xxxx,
185549,F,1981-11-22,Pilot Station,AK,99650,2005-01-14,US,907-738-xxxx,
184545,M,1969-10-29,Sussex,VA,23884,2012-07-31,US,,2017-03-17
185327,F,1973-12-03,Grover,CO,80729,2007-08-15,US,970-317-xxxx,
184092,F,1969-10-13,Saint Paul,MN,55188,2005-05-03,US,651-237-xxxx,
179264,M,1989-07-23,Seboeis Plt,ME,4448,2008-02-15,US,207-127-xxxx,
178002,M,1984-03-29,Aiea,HI,96701,2013-07-10,US,808-631-xxxx,
179235,M,1973-05-09,Whitewood,SD,57793,2008-01-28,US,605-577-xxxx,
183763,F,1972-08-14,Elco,PA,15434,2007-04-09,US,724-701-xxxx,
182410,F,1950-10-30,Fargo,ND,58108,2004-08-09,US,701-784-xxxx,
182637,F,1959-10-27,Parrish,FL,34219,2003-04-20,US,941-741-xxxx,
182864,M,1973-05-12,Central City,KY,42330,2013-08-29,US,270-156-xxxx,
183340,F,1975-02-06,Annapolis Junction,MD,20701,2013-05-27,US,443-440-xxxx,
176456,F,1985-04-25,Loma Linda,CA,92354,2015-02-03,US,909-613-xxxx,
177206,F,1982-01-21,Winfield,IA,52659,2002-09-19,US,319-183-xxxx,
185587,M,1986-07-13,New Baltimore,MI,48047,2015-10-28,US,586-147-xxxx,
185350,F,1976-09-20,Lampeter,PA,17537,2003-04-04,US,717-296-xxxx,
184281,F,1951-11-11,Tacoma,WA,98421,2007-11-30,US,253-246-xxxx,
175868,F,1962-11-18,Rosemead,CA,91772,2010-05-18,US,626-355-xxxx,
176781,F,1984-02-21,Haines City,FL,33844,2011-08-28,US,863-412-xxxx,
180549,F,1958-01-02,Lexington,MA,2421,2011-07-06,US,339-695-xxxx,
185483,F,1977-06-10,Massena,NY,13662,2010-07-17,US,315-427-xxxx,
182539,F,1994-05-04,Holloway,MN,56249,2014-05-14,US,320-500-xxxx,
177577,M,1995-07-30,Lively,VA,22507,2014-11-24,US,804-128-xxxx,2017-03-13
182292,F,1977-05-24,Westby,MT,59275,2011-06-15,US,406-260-xxxx,
183158,F,1968-11-07,Freer,TX,78357,2013-05-22,US,361-138-xxxx,
182586,F,1989-02-16,Morrisville,VT,5661,2014-01-04,US,802-515-xxxx,
183683,M,1974-03-31,Wing,AL,36483,2010-12-23,US,334-549-xxxx,
183933,F,1970-12-23,Hoyt,KS,66440,2009-02-17,US,785-104-xxxx,
181424,F,1954-04-28,Aurora,IL,60503,2011-11-06,US,630-796-xxxx,
180836,F,1992-03-30,Rhinehart,LA,71363,2013-06-06,US,318-289-xxxx,2017-06-20
180714,F,1950-09-27,Loudon,NH,3307,2014-06-19,US,603-187-xxxx,
175615,F,1965-04-29,Des Moines,IA,50308,2005-01-16,US,515-331-xxxx,
179768,F,1968-01-10,Monticello,NY,12701,2015-10-01,US,845-350-xxxx,
183139,M,1986-01-23,Bentonia,MS,39040,2004-08-01,US,662-342-xxxx,
180074,M,1954-04-06,Palm Desert,CA,92260,2011-02-12,US,760-479-xxxx,
179135,F,1988-10-20,Goodsprings,AL,35560,2015-04-27,US,205-246-xxxx,
177038,F,1978-05-15,Island Park,ID,83429,2009-08-29,US,208-582-xxxx,
183757,M,1951-12-10,Zephyrhills,FL,33540,2009-03-25,US,813-442-xxxx,2018-06-15
185278,F,1968-07-13,Stanford,KY,40484,2007-12-29,US,606-540-xxxx,2017-05-12
176193,F,1987-05-30,Norway,IA,52318,2010-05-01,US,319-787-xxxx,
178648,M,1991-11-04,Schaumburg,IL,60193,2015-11-04,US,847-345-xxxx,
184802,F,1959-12-26,Page,NE,68766,2015-09-22,US,402-289-xxxx,
181202,F,1977-02-27,Surprise,NY,12176,2004-08-16,US,518-592-xxxx,
177017,M,1992-12-02,Shawnee Mission,KS,66210,2015-02-27,US,913-458-xxxx,
177366,M,1968-04-18,Sixes,OR,97476,2002-05-27,US,541-615-xxxx,
184343,M,1993-01-18,Sister Bay,WI,54234,2016-03-14,US,920-162-xxxx,
185256,F,1961-11-04,South Salem,NY,10590,2015-08-28,US,914-109-xxxx,
185588,F,1973-02-16,Shelbyville,IN,46176,2000-04-17,US,317-229-xxxx,
177167,F,1991-06-07,Tibbie,AL,36583,2014-07-31,US,251-576-xxxx,
177330,F,1990-01-13,Washington,GA,30673,2013-05-10,US,706-236-xxxx,
184375,F,1951-03-22,Dibble,OK,73031,2005-01-03,US,405-414-xxxx,
185013,F,1964-04-21,Chester Hts,PA,19017,2012-09-19,US,484-273-xxxx,
185569,F,1996-04-01,Bagley,WI,53801,2014-04-28,US,608-435-xxxx,
180631,F,1954-11-27,Zoar,OH,44697,2013-01-17,US,,2017-06-02
182466,M,1984-04-09,Kansasville,WI,53139,2007-01-17,US,,
182781,M,1977-01-21,San Jose,CA,95154,2005-05-09,US,408-457-xxxx,
176689,M,1980-12-22,Calera,OK,74730,2013-12-08,US,580-577-xxxx,2018-03-05
176359,F,1951-12-03,Bartonsville,PA,18321,2009-12-20,US,570-629-xxxx,
185465,F,1969-05-23,Sn Bernrdno,CA,92424,2008-07-22,US,909-598-xxxx,
176762,F,1995-05-20,Mertztown,PA,19539,2014-07-19,US,,2018-04-03
180096,F,1956-05-25,Mount Tremper,NY,12457,2016-08-01,US,845-169-xxxx,
178616,F,1990-01-02,Finley,CA,95435,2012-09-16,US,707-404-xxxx,
180512,M,1958-04-15,Viola,ID,83872,2004-04-09,US,208-270-xxxx,
175760,M,1954-05-25,Sims,NC,27880,2011-12-23,US,252-776-xxxx,
183627,F,1951-03-25,Jeffersonville,NY,12748,2000-08-05,US,845-424-xxxx,
182260,F,1953-07-13,New York,NY,10031,2002-02-09,US,212-642-xxxx,
181104,M,1970-11-29,Homosassa Spg,FL,34446,2008-12-03,US,352-284-xxxx,
176430,F,1953-12-23,Washington,DC,20530,2000-07-12,US,202-120-xxxx,
